Workbook

Sheet Metodologia
B2: Recuperacion por departamento (rec_d) — Metodologia en 2 pasos
B4: rec_d mide cuanto la actividad LOCAL cushiona el estres FEN. ALTO=resiliente=atenua mas (entra al motor como (1 - wrec*rec_d)). BAJO=lento=casi no atenua.
B6: PASO 1 — Nivel base por el RANGO de meses de recuperacion (analogo Yaku-2023).
B7: m50 = media vida: meses del piso a recuperar 50% de la caida bajo su normal (indice IBK+ suavizado MA3). Rangos (hoja 'Rangos', editable):
B8: Resiliente <=3m=1,00 | Moderada 4-6m=0,75 | Normal 7-9m=0,50 | Lenta >9m=0,25.
B10: PASO 2 — Ajuste por la pendiente 2026 (momentum), SIMETRICO, paso 0,125.
B11: senal = promedio(Abr-Set 2026) - promedio(Oct 2025-Mar 2026). senal>0 = mejora (sube) ; senal<0 = caida (baja).
B12: Magnitud por lo pronunciada (hoja 'Ajuste', editable): <0,15 nada | 0,15-0,5 leve 0,125 | 0,5-1,0 moderada 0,25 | >1,0 fuerte 0,375. El signo lo da la direccion.
B14: Formula (hoja 'rec_d'): f_d = MAX(piso ; MIN(1 ; base_por_rango(m50) + signo(senal)*magnitud(|senal|)))
B16: Fuente: IBK+ donde hay serie (12 deptos; Callao=Lima metro). Las series SIN IBK+ se reemplazan por INFLACION (IPC ciudad INEI):
B17: base inflacion = meses de inflacion local por encima de la nacional tras la inundacion 2023 (misma escalera de meses). senal = -(exceso 6m recientes - 6m previos)*2: inflacion subiendo = deterioro.
B19: rec_d solo entra donde el gate FEN esta activo (costa Pacifico, pac=SI). En el interior (pac=no) no aplica al overlay.

Sheet Rangos
A1: Nivel | B1: meses recup. hasta | C1: valor rec_d (base)
A2: Resiliente | B2: 3 | C2: 1
A3: Moderada | B3: 6 | C3: 0.75
A4: Normal | B4: 9 | C4: 0.5
A5: Lenta | B5: (> Normal) | C5: 0.25
A6: Editable: cortes de meses (col B) y valores (col C).

Sheet Ajuste
A1: Momentum (|senal|) | B1: |senal| < | C1: magnitud del paso
A2: estable | B2: 0.15 | C2: 0
A3: leve | B3: 0.5 | C3: 0.125
A4: moderada | B4: 1 | C4: 0.25
A5: fuerte | B5: (mayor) | C5: 0.375
A6: SIMETRICO: el signo lo da la direccion (mejora sube, caida baja). Editable la magnitud.

Sheet rec_d
A1: cod | B1: departamento | C1: pac (gate) | D1: fuente | E1: m50 (meses) | F1: prom 6m recientes | G1: prom 6m previos | H1: senal (mejora+/caida-) | I1: nivel base | J1: ajuste momentum | K1: rec_d FINAL
A2: 01 | B2: Amazonas | C2: no | D2: Inflacion | E2: 3 | F2: 0.13 | G2: -0.28 | H2: -0.82 | I2: =IF(E2<=Rangos!$B$2,Rangos!$C$2,IF(E2<=Rangos!$B$3,Rangos!$C$3,IF(E2<=Rangos!$B$4,Rangos!$C$4,Rangos!$C$5))) | J2: =SIGN(H2)*IF(ABS(H2)<Ajuste!$B$2,Ajuste!$C$2,IF(ABS(H2)<Ajuste!$B$3,Ajuste!$C$3,IF(ABS(H2)<Ajuste!$B$4,Ajuste!$C$4,Ajuste!$C$5))) | K2: =MAX(Rangos!$C$5,MIN(1,I2+J2))
A3: 02 | B3: Ancash | C3: SI | D3: IBK+ | E3: 7 | F3: 2.58 | G3: 1.99 | H3: 0.59 | I3: =IF(E3<=Rangos!$B$2,Rangos!$C$2,IF(E3<=Rangos!$B$3,Rangos!$C$3,IF(E3<=Rangos!$B$4,Rangos!$C$4,Rangos!$C$5))) | J3: =SIGN(H3)*IF(ABS(H3)<Ajuste!$B$2,Ajuste!$C$2,IF(ABS(H3)<Ajuste!$B$3,Ajuste!$C$3,IF(ABS(H3)<Ajuste!$B$4,Ajuste!$C$4,Ajuste!$C$5))) | K3: =MAX(Rangos!$C$5,MIN(1,I3+J3))
A4: 03 | B4: Apurimac | C4: no | D4: Inflacion | E4: 4 | F4: 0.22 | G4: -0.14 | H4: -0.72 | I4: =IF(E4<=Rangos!$B$2,Rangos!$C$2,IF(E4<=Rangos!$B$3,Rangos!$C$3,IF(E4<=Rangos!$B$4,Rangos!$C$4,Rangos!$C$5))) | J4: =SIGN(H4)*IF(ABS(H4)<Ajuste!$B$2,Ajuste!$C$2,IF(ABS(H4)<Ajuste!$B$3,Ajuste!$C$3,IF(ABS(H4)<Ajuste!$B$4,Ajuste!$C$4,Ajuste!$C$5))) | K4: =MAX(Rangos!$C$5,MIN(1,I4+J4))
A5: 04 | B5: Arequipa | C5: SI | D5: IBK+ | E5: 4 | F5: 3.22 | G5: 2.81 | H5: 0.41 | I5: =IF(E5<=Rangos!$B$2,Rangos!$C$2,IF(E5<=Rangos!$B$3,Rangos!$C$3,IF(E5<=Rangos!$B$4,Rangos!$C$4,Rangos!$C$5))) | J5: =SIGN(H5)*IF(ABS(H5)<Ajuste!$B$2,Ajuste!$C$2,IF(ABS(H5)<Ajuste!$B$3,Ajuste!$C$3,IF(ABS(H5)<Ajuste!$B$4,Ajuste!$C$4,Ajuste!$C$5))) | K5: =MAX(Rangos!$C$5,MIN(1,I5+J5))
A6: 05 | B6: Ayacucho | C6: no | D6: Inflacion | E6: 3 | F6: 0.02 | G6: -0.21 | H6: -0.46 | I6: =IF(E6<=Rangos!$B$2,Rangos!$C$2,IF(E6<=Rangos!$B$3,Rangos!$C$3,IF(E6<=Rangos!$B$4,Rangos!$C$4,Rangos!$C$5))) | J6: =SIGN(H6)*IF(ABS(H6)<Ajuste!$B$2,Ajuste!$C$2,IF(ABS(H6)<Ajuste!$B$3,Ajuste!$C$3,IF(ABS(H6)<Ajuste!$B$4,Ajuste!$C$4,Ajuste!$C$5))) | K6: =MAX(Rangos!$C$5,MIN(1,I6+J6))
A7: 06 | B7: Cajamarca | C7: no | D7: IBK+ | E7: 7 | F7: 2.03 | G7: 2.71 | H7: -0.68 | I7: =IF(E7<=Rangos!$B$2,Rangos!$C$2,IF(E7<=Rangos!$B$3,Rangos!$C$3,IF(E7<=Rangos!$B$4,Rangos!$C$4,Rangos!$C$5))) | J7: =SIGN(H7)*IF(ABS(H7)<Ajuste!$B$2,Ajuste!$C$2,IF(ABS(H7)<Ajuste!$B$3,Ajuste!$C$3,IF(ABS(H7)<Ajuste!$B$4,Ajuste!$C$4,Ajuste!$C$5))) | K7: =MAX(Rangos!$C$5,MIN(1,I7+J7))
A8: 07 | B8: Callao | C8: SI | D8: IBK+ (Lima/metro) | E8: 5 | F8: 3.87 | G8: 3.52 | H8: 0.35 | I8: =IF(E8<=Rangos!$B$2,Rangos!$C$2,IF(E8<=Rangos!$B$3,Rangos!$C$3,IF(E8<=Rangos!$B$4,Rangos!$C$4,Rangos!$C$5))) | J8: =SIGN(H8)*IF(ABS(H8)<Ajuste!$B$2,Ajuste!$C$2,IF(ABS(H8)<Ajuste!$B$3,Ajuste!$C$3,IF(ABS(H8)<Ajuste!$B$4,Ajuste!$C$4,Ajuste!$C$5))) | K8: =MAX(Rangos!$C$5,MIN(1,I8+J8))
A9: 08 | B9: Cusco | C9: no | D9: IBK+ | E9: 6 | F9: 3.02 | G9: 2.13 | H9: 0.89 | I9: =IF(E9<=Rangos!$B$2,Rangos!$C$2,IF(E9<=Rangos!$B$3,Rangos!$C$3,IF(E9<=Rangos!$B$4,Rangos!$C$4,Rangos!$C$5))) | J9: =SIGN(H9)*IF(ABS(H9)<Ajuste!$B$2,Ajuste!$C$2,IF(ABS(H9)<Ajuste!$B$3,Ajuste!$C$3,IF(ABS(H9)<Ajuste!$B$4,Ajuste!$C$4,Ajuste!$C$5))) | K9: =MAX(Rangos!$C$5,MIN(1,I9+J9))
A10: 09 | B10: Huancavelica | C10: no | D10: Inflacion | E10: 5 | F10: 0.25 | G10: -0.3 | H10: -1.1 | I10: =IF(E10<=Rangos!$B$2,Rangos!$C$2,IF(E10<=Rangos!$B$3,Rangos!$C$3,IF(E10<=Rangos!$B$4,Rangos!$C$4,Rangos!$C$5))) | J10: =SIGN(H10)*IF(ABS(H10)<Ajuste!$B$2,Ajuste!$C$2,IF(ABS(H10)<Ajuste!$B$3,Ajuste!$C$3,IF(ABS(H10)<Ajuste!$B$4,Ajuste!$C$4,Ajuste!$C$5))) | K10: =MAX(Rangos!$C$5,MIN(1,I10+J10))
A11: 10 | B11: Huanuco | C11: no | D11: Inflacion | E11: 2 | F11: -0.25 | G11: -0.06 | H11: 0.38 | I11: =IF(E11<=Rangos!$B$2,Rangos!$C$2,IF(E11<=Rangos!$B$3,Rangos!$C$3,IF(E11<=Rangos!$B$4,Rangos!$C$4,Rangos!$C$5))) | J11: =SIGN(H11)*IF(ABS(H11)<Ajuste!$B$2,Ajuste!$C$2,IF(ABS(H11)<Ajuste!$B$3,Ajuste!$C$3,IF(ABS(H11)<Ajuste!$B$4,Ajuste!$C$4,Ajuste!$C$5))) | K11: =MAX(Rangos!$C$5,MIN(1,I11+J11))
A12: 11 | B12: Ica | C12: SI | D12: IBK+ | E12: 18 | F12: 4.05 | G12: 3.59 | H12: 0.46 | I12: =IF(E12<=Rangos!$B$2,Rangos!$C$2,IF(E12<=Rangos!$B$3,Rangos!$C$3,IF(E12<=Rangos!$B$4,Rangos!$C$4,Rangos!$C$5))) | J12: =SIGN(H12)*IF(ABS(H12)<Ajuste!$B$2,Ajuste!$C$2,IF(ABS(H12)<Ajuste!$B$3,Ajuste!$C$3,IF(ABS(H12)<Ajuste!$B$4,Ajuste!$C$4,Ajuste!$C$5))) | K12: =MAX(Rangos!$C$5,MIN(1,I12+J12))
A13: 12 | B13: Junin | C13: no | D13: IBK+ | E13: 5 | F13: 1.87 | G13: 1.76 | H13: 0.11 | I13: =IF(E13<=Rangos!$B$2,Rangos!$C$2,IF(E13<=Rangos!$B$3,Rangos!$C$3,IF(E13<=Rangos!$B$4,Rangos!$C$4,Rangos!$C$5))) | J13: =SIGN(H13)*IF(ABS(H13)<Ajuste!$B$2,Ajuste!$C$2,IF(ABS(H13)<Ajuste!$B$3,Ajuste!$C$3,IF(ABS(H13)<Ajuste!$B$4,Ajuste!$C$4,Ajuste!$C$5))) | K13: =MAX(Rangos!$C$5,MIN(1,I13+J13))
... A26: 25 | B26: Ucayali | C26: no | D26: Inflacion | E26: 2 | F26: -0.01 | G26: -0.05 | H26: -0.08 | I26: =IF(E26<=Rangos!$B$2,Rangos!$C$2,IF(E26<=Rangos!$B$3,Rangos!$C$3,IF(E26<=Rangos!$B$4,Rangos!$C$4,Rangos!$C$5))) | J26: =SIGN(H26)*IF(ABS(H26)<Ajuste!$B$2,Ajuste!$C$2,IF(ABS(H26)<Ajuste!$B$3,Ajuste!$C$3,IF(ABS(H26)<Ajuste!$B$4,Ajuste!$C$4,Ajuste!$C$5))) | K26: =MAX(Rangos!$C$5,MIN(1,I26+J26))

Sheet Simulador
A1: dep_inei | B1: departamento | C1: pac | D1: fuente | E1: rec_d
A2: 1 | B2: Amazonas | C2: no | D2: Inflacion | E2: 0.75
A3: 2 | B3: Ancash | C3: SI | D3: IBK+ | E3: 0.75
A4: 3 | B4: Apurimac | C4: no | D4: Inflacion | E4: 0.5
A5: 4 | B5: Arequipa | C5: SI | D5: IBK+ | E5: 0.875
A6: 5 | B6: Ayacucho | C6: no | D6: Inflacion | E6: 0.875
A7: 6 | B7: Cajamarca | C7: no | D7: IBK+ | E7: 0.25
A8: 7 | B8: Callao | C8: SI | D8: IBK+ (Lima/metro) | E8: 0.875
A9: 8 | B9: Cusco | C9: no | D9: IBK+ | E9: 1
A10: 9 | B10: Huancavelica | C10: no | D10: Inflacion | E10: 0.375
A11: 10 | B11: Huanuco | C11: no | D11: Inflacion | E11: 1
A12: 11 | B12: Ica | C12: SI | D12: IBK+ | E12: 0.375
A13: 12 | B13: Junin | C13: no | D13: IBK+ | E13: 0.75
... A26: 25 | B26: Ucayali | C26: no | D26: Inflacion | E26: 1
A27: Reemplaza el RECD={2:0.5,...} del motor. dep_inei = codigo INEI (int). En pac=no el gate FEN lo anula (moot).
