Workbook

Sheet Metodologia
B2: Score indirecto FEN por % de empleo — Metodologia
B4: Que mide: la exposicion del EMPLEO de cada distrito a la contraccion sectorial que proyecta Apoyo bajo el golpe FEN (2026).
B6: 1) Categorias = los 8 sectores economicos de Apoyo (Agropecuario, Pesca, Mineria, Manufactura, Electricidad y agua, Construccion, Comercio, Servicios).
B7: Las 21 ramas del Censo 2017 (PEA ocupada, Cuadro 11) se reagrupan a esos 8 sectores (ver hoja 'Mapeo CIIU'). La pesca se separa del agro con el bisturi CENEC (pesca_personal).
B9: 2) Factor por sector = la CAIDA del base de Apoyo 2026 (Tabla B.2, var% real), con signo invertido: factor = -(var%). Positivo = contraccion = estres. Ver hoja 'Factores' (editable).
B10: El base 2026 ya incorpora el FEN (mar caliente): Pesca -31,1%, Agro -1,5%. En 2027 ambos recuperan, por eso se usa 2026.
B12: 3) Formula (hoja 'Score s'):
B13: s[distrito] = Sum_sectores ( %empleo_del_distrito_en_el_sector x factor_del_sector )
B14: %empleo del Censo (suma 100% por distrito) x factor de Apoyo. s alto = mas contraccion = mas estres FEN. s negativo = el distrito crece (sectores en expansion pesan mas).
B16: Trazabilidad: 'Empleo Censo' (data) -> 'Score s' (formulas =SUMPRODUCT que referencian 'Factores'). Editar un factor recalcula todos los distritos.
B18: Fuentes: Censo Nacional 2017 (INEI, Cuadro 11) para el empleo por rama x distrito; Proyecciones Apoyo Consultoria (Set-2026), Tabla B.2, escenario base, para la caida sectorial 2026.

Sheet Factores
A1: Sector economico (Apoyo) | B1: Agropecuario | C1: Pesca | D1: Mineria e hidrocarburos | E1: Manufactura | F1: Electricidad y agua | G1: Construccion | H1: Comercio | I1: Servicios
A2: var% real base 2026 (Tabla B.2) | B2: -0.015 | C2: -0.311 | D2: -0.008 | E2: -0.015 | F2: 0.044 | G2: 0.094 | H2: 0.057 | I2: 0.032
A3: FACTOR = -(var%) [editable] | B3: =-B2 | C3: =-C2 | D3: =-D2 | E3: =-E2 | F3: =-F2 | G3: =-G2 | H3: =-H2 | I3: =-I2
A5: Nota: fila 3 es el peso que usa 'Score s'. Positivo = el sector cae (estres). Editar aqui recalcula todo.
A7: PEOR (imputacion sin dato: PEA=0) | B7: =MAXIFS('Score s'!$L$2:$L$1892,'Score s'!$M$2:$M$1892,">0")
A8: Regla: distrito sin PEA (post-2017) -> se le da el PEOR caso (conservador), no un neutro.

Sheet Mapeo CIIU
A1: Rama del Censo 2017 (CIIU) | B1: Sector Apoyo
A2: Agricultura, ganaderia, silvicultura y pesca | B2: Agropecuario (+ Pesca via CENEC)
A3: Explotacion de minas y canteras | B3: Mineria e hidrocarburos
A4: Industrias manufactureras | B4: Manufactura
A5: Suministro de electricidad, gas | B5: Electricidad y agua
A6: Suministro de agua; saneamiento | B6: Electricidad y agua
A7: Construccion | B7: Construccion
A8: Comercio y reparacion de vehiculos | B8: Comercio
A9: Transporte y almacenamiento | B9: Servicios
A10: Alojamiento y servicio de comidas | B10: Servicios
A11: Informacion y comunicaciones | B11: Servicios
A12: Actividades financieras y de seguros | B12: Servicios
... A22: Organizaciones extraterritoriales | B22: Servicios
A24: La unica rama que se parte es 'agricultura...y pesca' (combinada en Censo, separada en Apoyo) via pesca_personal (CENEC).

Sheet Empleo Censo
A1: ubigeo | B1: departamento | C1: provincia | D1: distrito | E1: PEA ocup. | F1: % Pesca (CENEC) | G1: Agricultura, ganaderia, silvicultura y pesca | H1: Minas y canteras | I1: Industrias manufactureras | J1: Sum. electricidad/gas | K1: Sum. agua/saneamiento | L1: Construccion | M1: Comercio y reparacion | N1: Transporte y almacen. | O1: Alojamiento y comidas | P1: Informacion y comunic. | Q1: Financieras y seguros | R1: Inmobiliarias | S1: Profesionales/tecnicas | T1: Servicios administrativos | U1: Adm. publica y defensa | V1: Ensenanza | W1: Salud y asist. social | X1: Artisticas/entretenim. | Y1: Otras act. de servicios | Z1: Hogares empleadores | AA1: Organizaciones extraterr.
A2: 100101 | B2: HUANUCO | C2: HUANUCO | D2: HUANUCO | E2: 37683 | F2: 0 | G2: 7.1 | H2: 0.36 | I2: 4.67 | J2: 0.06 | K2: 0.21 | L2: 7.76 | M2: 25.44 | N2: 10.82 | O2: 6.71 | P2: 0.96 | Q2: 1.05 | R2: 0.12 | S2: 7.42 | T2: 2.42 | U2: 5.3 | V2: 9.96 | W2: 4.1 | X2: 1.19 | Y2: 3.13 | Z2: 1.21 | AA2: 0
A3: 100102 | B3: HUANUCO | C3: HUANUCO | D3: AMARILIS | E3: 33541 | F3: 0 | G3: 7.81 | H3: 0.43 | I3: 4.36 | J3: 0.06 | K3: 0.17 | L3: 8.6 | M3: 21.56 | N3: 11.51 | O3: 6.78 | P3: 0.83 | Q3: 1 | R3: 0.1 | S3: 6.41 | T3: 2.39 | U3: 6.04 | V3: 11.27 | W3: 4.76 | X3: 1.17 | Y3: 3.25 | Z3: 1.5 | AA3: 0
A4: 100103 | B4: HUANUCO | C4: HUANUCO | D4: CHINCHAO | E4: 4256 | F4: 0 | G4: 82.99 | H4: 0.05 | I4: 0.75 | J4: 0 | K4: 0 | L4: 1.86 | M4: 4.72 | N4: 4.11 | O4: 1.95 | P4: 0.02 | Q4: 0.02 | R4: 0 | S4: 0.21 | T4: 0.14 | U4: 1.1 | V4: 0.54 | W4: 0.4 | X4: 0.07 | Y4: 0.87 | Z4: 0.19 | AA4: 0
A5: 100104 | B5: HUANUCO | C5: HUANUCO | D5: CHURUBAMBA | E5: 4782 | F5: 0 | G5: 86.03 | H5: 0 | I5: 1.05 | J5: 0 | K5: 0.1 | L5: 1.8 | M5: 3.72 | N5: 2.28 | O5: 1.59 | P5: 0 | Q5: 0.02 | R5: 0 | S5: 0.4 | T5: 0.17 | U5: 0.52 | V5: 0.59 | W5: 0.4 | X5: 0.02 | Y5: 0.73 | Z5: 0.59 | AA5: 0
A6: 100105 | B6: HUANUCO | C6: HUANUCO | D6: MARGOS | E6: 1432 | F6: 0 | G6: 86.1 | H6: 0.07 | I6: 0.77 | J6: 0 | K6: 0 | L6: 1.82 | M6: 3.91 | N6: 0.35 | O6: 0.42 | P6: 0 | Q6: 0 | R6: 0 | S6: 0.56 | T6: 0.49 | U6: 1.61 | V6: 1.68 | W6: 1.19 | X6: 0 | Y6: 0.63 | Z6: 0.42 | AA6: 0
A7: 100106 | B7: HUANUCO | C7: HUANUCO | D7: QUISQUI | E7: 1007 | F7: 0 | G7: 86.3 | H7: 0.1 | I7: 0.2 | J7: 0 | K7: 0 | L7: 1.09 | M7: 2.48 | N7: 2.68 | O7: 1.99 | P7: 0.1 | Q7: 0 | R7: 0 | S7: 0 | T7: 0.4 | U7: 1.89 | V7: 1.59 | W7: 0.7 | X7: 0 | Y7: 0.1 | Z7: 0.4 | AA7: 0
A8: 100107 | B8: HUANUCO | C8: HUANUCO | D8: SAN FRANCISCO DE CAYRAN | E8: 1658 | F8: 0 | G8: 74.91 | H8: 0.18 | I8: 1.51 | J8: 0 | K8: 0 | L8: 2.23 | M8: 6.63 | N8: 5.67 | O8: 1.33 | P8: 0.06 | Q8: 0.12 | R8: 0 | S8: 0.72 | T8: 0.78 | U8: 0.97 | V8: 1.93 | W8: 1.93 | X8: 0.12 | Y8: 0.48 | Z8: 0.42 | AA8: 0
A9: 100108 | B9: HUANUCO | C9: HUANUCO | D9: SAN PEDRO DE CHAULAN | E9: 864 | F9: 0 | G9: 91.44 | H9: 0.12 | I9: 0.35 | J9: 0 | K9: 0 | L9: 0 | M9: 1.62 | N9: 1.04 | O9: 0.58 | P9: 0 | Q9: 0 | R9: 0 | S9: 0 | T9: 0.46 | U9: 2.43 | V9: 0.93 | W9: 0.58 | X9: 0 | Y9: 0.46 | Z9: 0 | AA9: 0
A10: 100109 | B10: HUANUCO | C10: HUANUCO | D10: SANTA MARIA DEL VALLE | E10: 6001 | F10: 0 | G10: 75.79 | H10: 0.08 | I10: 1.48 | J10: 0 | K10: 0.02 | L10: 3.28 | M10: 7.15 | N10: 4.2 | O10: 2.07 | P10: 0.1 | Q10: 0.05 | R10: 0 | S10: 0.43 | T10: 0.42 | U10: 1.63 | V10: 1.2 | W10: 0.67 | X10: 0.3 | Y10: 0.47 | Z10: 0.67 | AA10: 0
A11: 100110 | B11: HUANUCO | C11: HUANUCO | D11: YARUMAYO | E11: 410 | F11: 0 | G11: 87.56 | H11: 0 | I11: 0.73 | J11: 0 | K11: 0 | L11: 0.24 | M11: 4.63 | N11: 1.71 | O11: 0.98 | P11: 0 | Q11: 0 | R11: 0 | S11: 0.24 | T11: 0.24 | U11: 0.49 | V11: 1.22 | W11: 0.98 | X11: 0 | Y11: 0.24 | Z11: 0.73 | AA11: 0
A12: 100111 | B12: HUANUCO | C12: HUANUCO | D12: PILLCO MARCA | E12: 16879 | F12: 0 | G12: 6.38 | H12: 1.03 | I12: 11.43 | J12: 0.06 | K12: 0.17 | L12: 9.25 | M12: 18.1 | N12: 11.11 | O12: 6.08 | P12: 0.88 | Q12: 0.82 | R12: 0.04 | S12: 5.89 | T12: 2.11 | U12: 5.8 | V12: 11.81 | W12: 4.06 | X12: 0.73 | Y12: 2.91 | Z12: 1.32 | AA12: 0
A13: 100112 | B13: HUANUCO | C13: HUANUCO | D13: YACUS | E13: 2129 | F13: 0 | G13: 91.69 | H13: 0 | I13: 0.56 | J13: 0 | K13: 0 | L13: 1.08 | M13: 2.4 | N13: 0.38 | O13: 1.27 | P13: 0 | Q13: 0 | R13: 0 | S13: 0.7 | T13: 0 | U13: 0.09 | V13: 0.61 | W13: 0.38 | X13: 0.09 | Y13: 0.66 | Z13: 0.09 | AA13: 0
... A510: 150904 | B510: LIMA | C510: OYON | D510: COCHAMARCA | E510: 418 | F510: 0 | G510: 91.87 | H510: 0 | I510: 0.24 | J510: 0 | K510: 0 | L510: 2.15 | M510: 1.44 | N510: 0.72 | O510: 0 | P510: 0 | Q510: 0 | R510: 0 | S510: 0.24 | T510: 0 | U510: 1.2 | V510: 1.2 | W510: 0.24 | X510: 0 | Y510: 0.48 | Z510: 0.24 | AA510: 0
A511: 150905 | B511: LIMA | C511: OYON | E511: 0 | F511: 0 | G511: 56.35 | H511: 0 | I511: 2.85 | J511: 0 | K511: 0 | L511: 8.7 | M511: 10.36 | N511: 3.73 | O511: 4.88 | P511: 0.22 | Q511: 0 | R511: 0 | S511: 1.66 | T511: 1.66 | U511: 4.04 | V511: 3.14 | W511: 0.88 | X511: 0.22 | Y511: 1.06 | Z511: 0.26 | AA511: 0
A512: 150906 | B512: LIMA | C512: OYON | D512: PACHANGARA | E512: 1109 | F512: 0 | G512: 28.67 | H512: 0.27 | I512: 2.61 | J512: 0.45 | K512: 0 | L512: 12.89 | M512: 15.15 | N512: 9.47 | O512: 15.24 | P512: 0.27 | Q512: 0.18 | R512: 0 | S512: 3.79 | T512: 2.16 | U512: 2.71 | V512: 2.8 | W512: 0.81 | X512: 0.54 | Y512: 1.26 | Z512: 0.72 | AA512: 0
A513: 151001 | B513: LIMA | C513: YAUYOS | D513: YAUYOS | E513: 779 | F513: 0 | G513: 52.63 | H513: 0.64 | I513: 1.03 | J513: 0.39 | K513: 0 | L513: 4.36 | M513: 9.88 | N513: 1.8 | O513: 3.72 | P513: 0.13 | Q513: 0.13 | R513: 0 | S513: 3.59 | T513: 2.05 | U513: 7.83 | V513: 8.86 | W513: 2.05 | X513: 0.13 | Y513: 0.39 | Z513: 0.39 | AA513: 0
A514: 151002 | B514: LIMA | C514: YAUYOS | D514: ALIS | E514: 1393 | F514: 0 | G514: 4.16 | H514: 76.81 | I514: 2.37 | J514: 0.07 | K514: 0 | L514: 1.08 | M514: 1.94 | N514: 0.72 | O514: 3.59 | P514: 0.07 | Q514: 0 | R514: 0 | S514: 1.01 | T514: 2.44 | U514: 1.08 | V514: 1.79 | W514: 2.44 | X514: 0 | Y514: 0.43 | Z514: 0 | AA514: 0
A515: 151003 | B515: LIMA | C515: YAUYOS | D515: AYAUCA | E515: 0 | F515: 0 | G515: 76.5 | H515: 0 | I515: 1.21 | J515: 0 | K515: 0 | L515: 3.19 | M515: 6.09 | N515: 1.87 | O515: 1.3 | P515: 0 | Q515: 0 | R515: 0 | S515: 0.87 | T515: 0 | U515: 3.04 | V515: 5.22 | W515: 0.71 | X515: 0 | Y515: 0 | Z515: 0 | AA515: 0
A516: 151004 | B516: LIMA | C516: YAUYOS | D516: AYAVIRI | E516: 296 | F516: 0 | G516: 72.3 | H516: 0.34 | I516: 1.01 | J516: 0 | K516: 0 | L516: 4.73 | M516: 4.39 | N516: 1.69 | O516: 3.04 | P516: 0 | Q516: 0 | R516: 0 | S516: 2.03 | T516: 0 | U516: 2.7 | V516: 6.42 | W516: 1.35 | X516: 0 | Y516: 0 | Z516: 0 | AA516: 0
A517: 151005 | B517: LIMA | C517: YAUYOS | D517: AZANGARO | E517: 228 | F517: 0 | G517: 81.58 | H517: 0 | I517: 0.88 | J517: 0 | K517: 0 | L517: 4.39 | M517: 2.63 | N517: 2.19 | O517: 0 | P517: 0 | Q517: 0 | R517: 0 | S517: 0.88 | T517: 0 | U517: 3.95 | V517: 3.07 | W517: 0.44 | X517: 0 | Y517: 0 | Z517: 0 | AA517: 0
A518: 151006 | B518: LIMA | C518: YAUYOS | D518: CACRA | E518: 239 | F518: 0 | G518: 79.5 | H518: 0 | I518: 0.84 | J518: 0 | K518: 0 | L518: 0.42 | M518: 8.37 | N518: 2.09 | O518: 0 | P518: 0 | Q518: 0 | R518: 0 | S518: 0.84 | T518: 0 | U518: 1.26 | V518: 5.02 | W518: 0.42 | X518: 0 | Y518: 1.26 | Z518: 0 | AA518: 0
A519: 151007 | B519: LIMA | C519: YAUYOS | D519: CARANIA | E519: 71 | F519: 0 | G519: 80.28 | H519: 0 | I519: 0 | J519: 1.41 | K519: 0 | L519: 1.41 | M519: 2.82 | N519: 1.41 | O519: 1.41 | P519: 0 | Q519: 0 | R519: 0 | S519: 1.41 | T519: 0 | U519: 4.23 | V519: 2.82 | W519: 1.41 | X519: 0 | Y519: 1.41 | Z519: 0 | AA519: 0
A520: 151008 | B520: LIMA | C520: YAUYOS | D520: CATAHUASI | E520: 513 | F520: 0 | G520: 64.52 | H520: 0.39 | I520: 1.75 | J520: 0 | K520: 0 | L520: 4.09 | M520: 7.21 | N520: 2.73 | O520: 2.73 | P520: 0 | Q520: 0.19 | R520: 0 | S520: 1.17 | T520: 1.56 | U520: 2.92 | V520: 9.16 | W520: 0.97 | X520: 0 | Y520: 0.19 | Z520: 0.39 | AA520: 0
A521: 151009 | B521: LIMA | C521: YAUYOS | D521: CHOCOS | E521: 293 | F521: 0 | G521: 87.37 | H521: 0 | I521: 0 | J521: 0 | K521: 0 | L521: 0.34 | M521: 1.71 | N521: 0.68 | O521: 0.68 | P521: 0 | Q521: 0 | R521: 0 | S521: 0 | T521: 0.34 | U521: 2.73 | V521: 5.46 | W521: 0.68 | X521: 0 | Y521: 0 | Z521: 0 | AA521: 0
A522: 151010 | B522: LIMA | C522: YAUYOS | D522: COCHAS | E522: 115 | F522: 0 | G522: 60.87 | H522: 0 | I522: 1.74 | J522: 0 | K522: 0 | L522: 10.43 | M522: 14.78 | N522: 1.74 | O522: 0.87 | P522: 0 | Q522: 0 | R522: 0 | S522: 0 | T522: 0 | U522: 5.22 | V522: 2.61 | W522: 0 | X522: 0 | Y522: 0 | Z522: 1.74 | AA522: 0
A523: 151011 | B523: LIMA | C523: YAUYOS | D523: COLONIA | E523: 483 | F523: 0 | G523: 89.65 | H523: 0 | I523: 0.41 | J523: 0 | K523: 0 | L523: 0.62 | M523: 1.24 | N523: 1.45 | O523: 0.41 | P523: 0 | Q523: 0 | R523: 0 | S523: 0 | T523: 0 | U523: 2.07 | V523: 3.93 | W523: 0 | X523: 0 | Y523: 0.21 | Z523: 0 | AA523: 0
... A551: 160106 | B551: LORETO | C551: MAYNAS | D551: MAZAN | E551: 4419 | F551: 0 | G551: 79 | H551: 0 | I551: 1.97 | J551: 0 | K551: 0.05 | L551: 1.15 | M551: 7.81 | N551: 2.44 | O551: 2.51 | P551: 0.02 | Q551: 0.05 | R551: 0 | S551: 0.38 | T551: 0.32 | U551: 0.91 | V551: 1 | W551: 0.86 | X551: 0.02 | Y551: 1 | Z551: 0.52 | AA551: 0
A552: 160107 | B552: LORETO | C552: MAYNAS | E552: 0 | F552: 0 | G552: 67.66 | H552: 0.17 | I552: 2.22 | J552: 0.08 | K552: 0.14 | L552: 2.58 | M552: 7.59 | N552: 3.31 | O552: 3.22 | P552: 0.11 | Q552: 0.04 | R552: 0 | S552: 0.97 | T552: 0.95 | U552: 3.14 | V552: 4.69 | W552: 1.64 | X552: 0.09 | Y552: 0.92 | Z552: 0.48 | AA552: 0
A553: 160108 | B553: LORETO | C553: MAYNAS | D553: PUNCHANA | E553: 26516 | F553: 0 | G553: 9.12 | H553: 0.21 | I553: 8.18 | J553: 0.09 | K553: 0.17 | L553: 7.26 | M553: 24.07 | N553: 13.7 | O553: 9.1 | P553: 0.45 | Q553: 0.85 | R553: 0.06 | S553: 4.82 | T553: 3.22 | U553: 4.42 | V553: 5.45 | W553: 2.84 | X553: 0.7 | Y553: 3.62 | Z553: 1.69 | AA553: 0
A554: 160110 | B554: LORETO | C554: MAYNAS | D554: TORRES CAUSANA | E554: 1707 | F554: 0 | G554: 82.95 | H554: 0 | I554: 0.35 | J554: 0 | K554: 0.06 | L554: 0.59 | M554: 2.28 | N554: 0.82 | O554: 1 | P554: 0.12 | Q554: 0 | R554: 0 | S554: 0.06 | T554: 0.06 | U554: 5.57 | V554: 5.51 | W554: 0.29 | X554: 0 | Y554: 0.23 | Z554: 0.12 | AA554: 0
A555: 160112 | B555: LORETO | C555: MAYNAS | D555: BELEN | E555: 24332 | F555: 0 | G555: 11.11 | H555: 0.18 | I555: 7.57 | J555: 0.07 | K555: 0.19 | L555: 7.2 | M555: 30.87 | N555: 9.93 | O555: 7.69 | P555: 0.43 | Q555: 0.67 | R555: 0.07 | S555: 4.39 | T555: 2.89 | U555: 3.39 | V555: 5.07 | W555: 2.02 | X555: 0.73 | Y555: 4.04 | Z555: 1.49 | AA555: 0
A556: 160113 | B556: LORETO | C556: MAYNAS | D556: SAN JUAN BAUTISTA | E556: 44558 | F556: 0 | G556: 10.21 | H556: 0.19 | I556: 6.68 | J556: 0.09 | K556: 0.29 | L556: 8.86 | M556: 25.68 | N556: 12.32 | O556: 8.63 | P556: 0.48 | Q556: 0.62 | R556: 0.09 | S556: 4.56 | T556: 3.32 | U556: 3.56 | V556: 5.58 | W556: 2.34 | X556: 0.65 | Y556: 4.02 | Z556: 1.85 | AA556: 0
A557: 160201 | B557: LORETO | C557: ALTO AMAZONAS | D557: YURIMAGUAS | E557: 30393 | F557: 0 | G557: 31.2 | H557: 0.13 | I557: 4.78 | J557: 0.07 | K557: 0.17 | L557: 6.44 | M557: 19.03 | N557: 9.41 | O557: 5.82 | P557: 0.51 | Q557: 0.48 | R557: 0.08 | S557: 3.9 | T557: 1.76 | U557: 3.09 | V557: 6.11 | W557: 2.21 | X557: 0.42 | Y557: 3.01 | Z557: 1.39 | AA557: 0
A558: 160202 | B558: LORETO | C558: ALTO AMAZONAS | D558: BALSAPUERTO | E558: 3614 | F558: 0 | G558: 87.41 | H558: 0.03 | I558: 1.13 | J558: 0.06 | K558: 0 | L558: 1.66 | M558: 1.3 | N558: 0.28 | O558: 0.83 | P558: 0 | Q558: 0 | R558: 0 | S558: 0.42 | T558: 0.17 | U558: 0.33 | V558: 5.12 | W558: 0.77 | X558: 0 | Y558: 0.22 | Z558: 0.28 | AA558: 0
A559: 160205 | B559: LORETO | C559: ALTO AMAZONAS | D559: JEBEROS | E559: 1032 | F559: 0 | G559: 77.52 | H559: 0 | I559: 0.97 | J559: 0 | K559: 0.1 | L559: 0.68 | M559: 4.65 | N559: 0.97 | O559: 1.07 | P559: 0 | Q559: 0 | R559: 0 | S559: 1.45 | T559: 0.68 | U559: 1.07 | V559: 7.17 | W559: 2.03 | X559: 0 | Y559: 0.58 | Z559: 1.07 | AA559: 0
A560: 160206 | B560: LORETO | C560: ALTO AMAZONAS | D560: LAGUNAS | E560: 3069 | F560: 0 | G560: 62.01 | H560: 0 | I560: 2.9 | J560: 0 | K560: 0.03 | L560: 4.86 | M560: 9.61 | N560: 2.61 | O560: 2.83 | P560: 0.07 | Q560: 0.1 | R560: 0 | S560: 1.01 | T560: 1.47 | U560: 1.47 | V560: 7.4 | W560: 1.86 | X560: 0.07 | Y560: 0.91 | Z560: 0.81 | AA560: 0
A561: 160210 | B561: LORETO | C561: ALTO AMAZONAS | D561: SANTA CRUZ | E561: 1156 | F561: 0 | G561: 87.46 | H561: 0.09 | I561: 0.69 | J561: 0 | K561: 0 | L561: 0.43 | M561: 3.46 | N561: 0.35 | O561: 1.04 | P561: 0.26 | Q561: 0 | R561: 0 | S561: 0.52 | T561: 0 | U561: 1.56 | V561: 2.68 | W561: 0.95 | X561: 0 | Y561: 0.35 | Z561: 0.17 | AA561: 0
A562: 160211 | B562: LORETO | C562: ALTO AMAZONAS | D562: TENIENTE CESAR LOPEZ ROJAS | E562: 1979 | F562: 0 | G562: 86.41 | H562: 0 | I562: 0.96 | J562: 0 | K562: 0 | L562: 0.3 | M562: 4.6 | N562: 0.61 | O562: 1.11 | P562: 0.05 | Q562: 0 | R562: 0 | S562: 0.45 | T562: 0.66 | U562: 1.11 | V562: 1.11 | W562: 1.16 | X562: 0 | Y562: 1.01 | Z562: 0.45 | AA562: 0
A563: 160301 | B563: LORETO | C563: LORETO | E563: 0 | F563: 0 | G563: 67.87 | H563: 0.1 | I563: 2.02 | J563: 0.05 | K563: 0.05 | L563: 4.86 | M563: 6.69 | N563: 0.95 | O563: 3.68 | P563: 0.05 | Q563: 0 | R563: 0 | S563: 1.11 | T563: 0.8 | U563: 2.45 | V563: 6.23 | W563: 0.93 | X563: 0.05 | Y563: 1.65 | Z563: 0.45 | AA563: 0
A564: 160302 | B564: LORETO | C564: LORETO | D564: PARINARI | E564: 1818 | F564: 0 | G564: 74.31 | H564: 0.06 | I564: 1.82 | J564: 0.06 | K564: 0.06 | L564: 0.99 | M564: 5.23 | N564: 1.05 | O564: 1.54 | P564: 0 | Q564: 0 | R564: 0 | S564: 1.21 | T564: 0.88 | U564: 2.75 | V564: 6.82 | W564: 1.87 | X564: 0.11 | Y564: 1.05 | Z564: 0.22 | AA564: 0
A565: 160303 | B565: LORETO | C565: LORETO | D565: TIGRE | E565: 1672 | F565: 0 | G565: 74.58 | H565: 0 | I565: 2.21 | J565: 0 | K565: 0.06 | L565: 3.47 | M565: 3.77 | N565: 0.54 | O565: 1.5 | P565: 0.06 | Q565: 0 | R565: 0 | S565: 0.84 | T565: 0.78 | U565: 1.44 | V565: 7.06 | W565: 1.02 | X565: 0 | Y565: 2.09 | Z565: 0.6 | AA565: 0
A566: 160304 | B566: LORETO | C566: LORETO | D566: TROMPETEROS | E566: 2049 | F566: 0.195 | G566: 54.81 | H566: 2.29 | I566: 4.1 | J566: 0.2 | K566: 0.98 | L566: 5.32 | M566: 9.22 | N566: 2.44 | O566: 4.15 | P566: 0.59 | Q566: 0.1 | R566: 0 | S566: 2.54 | T566: 4.39 | U566: 1.32 | V566: 4.39 | W566: 0.88 | X566: 0 | Y566: 1.81 | Z566: 0.49 | AA566: 0
A567: 160305 | B567: LORETO | C567: LORETO | D567: URARINAS | E567: 1788 | F567: 0 | G567: 67.95 | H567: 0.11 | I567: 1.57 | J567: 0 | K567: 0.06 | L567: 6.54 | M567: 7.33 | N567: 0.67 | O567: 4.03 | P567: 0.06 | Q567: 0 | R567: 0 | S567: 0.39 | T567: 0.78 | U567: 2.68 | V567: 5.59 | W567: 0.89 | X567: 0.06 | Y567: 0.84 | Z567: 0.45 | AA567: 0
A568: 160401 | B568: LORETO | C568: MARISCAL RAMON CASTILLA | D568: RAMON CASTILLA | E568: 5706 | F568: 0 | G568: 54.33 | H568: 0.04 | I568: 3.38 | J568: 0.14 | K568: 0 | L568: 2.3 | M568: 11.76 | N568: 4.26 | O568: 4.91 | P568: 0.14 | Q568: 0.19 | R568: 0.04 | S568: 1.77 | T568: 1.14 | U568: 4.31 | V568: 7.12 | W568: 0.86 | X568: 0.16 | Y568: 2.02 | Z568: 1.16 | AA568: 0
A569: 160402 | B569: LORETO | C569: MARISCAL RAMON CASTILLA | D569: PEBAS | E569: 3418 | F569: 0 | G569: 69.6 | H569: 0.03 | I569: 2.66 | J569: 0.03 | K569: 0 | L569: 1.52 | M569: 8.46 | N569: 1.46 | O569: 2.98 | P569: 0.03 | Q569: 0.06 | R569: 0 | S569: 1.4 | T569: 0.35 | U569: 3.25 | V569: 5.88 | W569: 1.17 | X569: 0.06 | Y569: 0.7 | Z569: 0.35 | AA569: 0
A570: 160403 | B570: LORETO | C570: MARISCAL RAMON CASTILLA | D570: YAVARI | E570: 2698 | F570: 0 | G570: 65.01 | H570: 0 | I570: 3.97 | J570: 0.04 | K570: 0.04 | L570: 3.82 | M570: 9.97 | N570: 3.56 | O570: 3.6 | P570: 0.07 | Q570: 0 | R570: 0 | S570: 0.85 | T570: 1.04 | U570: 1.93 | V570: 3 | W570: 0.89 | X570: 0.04 | Y570: 1.37 | Z570: 0.82 | AA570: 0
A571: 160404 | B571: LORETO | C571: MARISCAL RAMON CASTILLA | D571: SAN PABLO | E571: 3487 | F571: 0 | G571: 80.7 | H571: 0.06 | I571: 1.23 | J571: 0 | K571: 0.03 | L571: 1.32 | M571: 5.53 | N571: 0.63 | O571: 2.21 | P571: 0.03 | Q571: 0.06 | R571: 0 | S571: 0.92 | T571: 0.26 | U571: 0.89 | V571: 4.36 | W571: 0.86 | X571: 0.03 | Y571: 0.57 | Z571: 0.32 | AA571: 0
A572: 160501 | B572: LORETO | C572: REQUENA | D572: REQUENA | E572: 7314 | F572: 0 | G572: 34.26 | H572: 0.03 | I572: 3.55 | J572: 0.08 | K572: 0.14 | L572: 2.97 | M572: 18.83 | N572: 7.52 | O572: 5.88 | P572: 0.23 | Q572: 0.26 | R572: 0 | S572: 2.19 | T572: 1.26 | U572: 3.16 | V572: 14.22 | W572: 1.24 | X572: 0.34 | Y572: 2.82 | Z572: 1.03 | AA572: 0
A573: 160502 | B573: LORETO | C573: REQUENA | D573: ALTO TAPICHE | E573: 415 | F573: 0 | G573: 79.52 | H573: 0 | I573: 2.41 | J573: 0 | K573: 0 | L573: 0.96 | M573: 4.1 | N573: 0 | O573: 0.72 | P573: 0.24 | Q573: 0 | R573: 0 | S573: 0.72 | T573: 0.48 | U573: 1.69 | V573: 6.27 | W573: 1.69 | X573: 0 | Y573: 0.96 | Z573: 0.24 | AA573: 0
A574: 160503 | B574: LORETO | C574: REQUENA | D574: CAPELO | E574: 831 | F574: 0 | G574: 77.14 | H574: 0.12 | I574: 1.44 | J574: 0 | K574: 0.12 | L574: 1.08 | M574: 10.11 | N574: 0.12 | O574: 2.17 | P574: 0 | Q574: 0 | R574: 0 | S574: 0.96 | T574: 0.6 | U574: 0.36 | V574: 3.25 | W574: 0.84 | X574: 0.12 | Y574: 1.2 | Z574: 0.36 | AA574: 0
A575: 160504 | B575: LORETO | C575: REQUENA | D575: EMILIO SAN MARTIN | E575: 1476 | F575: 0 | G575: 81.5 | H575: 0.07 | I575: 0.75 | J575: 0 | K575: 0 | L575: 0.27 | M575: 4.74 | N575: 0.88 | O575: 1.76 | P575: 0 | Q575: 0.07 | R575: 0 | S575: 0.61 | T575: 0.2 | U575: 0.88 | V575: 6.1 | W575: 0.27 | X575: 0 | Y575: 1.36 | Z575: 0.54 | AA575: 0
... A1023: 090502 | B1023: HUANCAVELICA | C1023: CHURCAMPA | D1023: ANCO | E1023: 1217 | F1023: 0 | G1023: 72.31 | H1023: 0.08 | I1023: 1.07 | J1023: 0.08 | K1023: 0 | L1023: 1.81 | M1023: 6.08 | N1023: 2.3 | O1023: 1.56 | P1023: 0 | Q1023: 0 | R1023: 0 | S1023: 0.99 | T1023: 0.16 | U1023: 4.35 | V1023: 5.67 | W1023: 2.71 | X1023: 0 | Y1023: 0.49 | Z1023: 0.33 | AA1023: 0
A1024: 060905 | B1024: CAJAMARCA | C1024: SAN IGNACIO | E1024: 0 | F1024: 0 | G1024: 85.28 | H1024: 0.06 | I1024: 0.69 | J1024: 0.02 | K1024: 0.01 | L1024: 0.85 | M1024: 4.18 | N1024: 1.18 | O1024: 1.59 | P1024: 0.05 | Q1024: 0.02 | R1024: 0 | S1024: 0.35 | T1024: 0.17 | U1024: 1.15 | V1024: 3 | W1024: 0.71 | X1024: 0.02 | Y1024: 0.35 | Z1024: 0.33 | AA1024: 0
A1025: 050507 | B1025: AYACUCHO | C1025: LA MAR | D1025: SANTA ROSA | E1025: 5522 | F1025: 0 | G1025: 72.78 | H1025: 0.07 | I1025: 1.01 | J1025: 0 | K1025: 0.02 | L1025: 2.1 | M1025: 10.79 | N1025: 2.99 | O1025: 3.01 | P1025: 0.05 | Q1025: 0.05 | R1025: 0 | S1025: 0.91 | T1025: 0.18 | U1025: 1.23 | V1025: 2.39 | W1025: 0.89 | X1025: 0.11 | Y1025: 1.07 | Z1025: 0.34 | AA1025: 0
A1026: 090413 | B1026: HUANCAVELICA | C1026: CASTROVIRREYNA | D1026: TICRAPO | E1026: 612 | F1026: 0 | G1026: 54.08 | H1026: 3.43 | I1026: 0.98 | J1026: 0 | K1026: 0 | L1026: 4.25 | M1026: 5.56 | N1026: 4.41 | O1026: 2.78 | P1026: 0.16 | Q1026: 0 | R1026: 0 | S1026: 1.47 | T1026: 0 | U1026: 7.84 | V1026: 11.44 | W1026: 2.29 | X1026: 0 | Y1026: 0.16 | Z1026: 1.14 | AA1026: 0
A1027: 080913 | B1027: CUSCO | C1027: LA CONVENCION | D1027: VILLA KINTIARINA | E1027: 745 | F1027: 0 | G1027: 82.82 | H1027: 0 | I1027: 0.67 | J1027: 0 | K1027: 0 | L1027: 2.82 | M1027: 3.36 | N1027: 0.4 | O1027: 1.74 | P1027: 0 | Q1027: 0 | R1027: 0 | S1027: 0.94 | T1027: 0.27 | U1027: 1.88 | V1027: 2.95 | W1027: 1.61 | X1027: 0 | Y1027: 0.54 | Z1027: 0 | AA1027: 0
A1028: 090716 | B1028: HUANCAVELICA | C1028: TAYACAJA | D1028: SAN MARCOS DE ROCCHAC | E1028: 425 | F1028: 0 | G1028: 84.71 | H1028: 0 | I1028: 0.47 | J1028: 0 | K1028: 0 | L1028: 1.88 | M1028: 4 | N1028: 2.12 | O1028: 1.88 | P1028: 0 | Q1028: 0 | R1028: 0 | S1028: 0.94 | T1028: 0 | U1028: 0.94 | V1028: 1.18 | W1028: 1.18 | X1028: 0 | Y1028: 0.47 | Z1028: 0.24 | AA1028: 0
A1029: 022001 | B1029: ANCASH | C1029: YUNGAY | D1029: YUNGAY | E1029: 7931 | F1029: 0 | G1029: 53.1 | H1029: 0.28 | I1029: 2.27 | J1029: 0.01 | K1029: 0.01 | L1029: 2.89 | M1029: 12.32 | N1029: 5.64 | O1029: 4.14 | P1029: 0.3 | Q1029: 0.34 | R1029: 0.01 | S1029: 1.56 | T1029: 0.71 | U1029: 3.58 | V1029: 8.81 | W1029: 1.77 | X1029: 0.26 | Y1029: 1.34 | Z1029: 0.67 | AA1029: 0
A1030: 020601 | B1030: ANCASH | C1030: CARHUAZ | D1030: CARHUAZ | E1030: 5097 | F1030: 0 | G1030: 42.71 | H1030: 0.31 | I1030: 3.47 | J1030: 0.02 | K1030: 0.04 | L1030: 3.96 | M1030: 14.66 | N1030: 6.36 | O1030: 6.53 | P1030: 0.35 | Q1030: 0.71 | R1030: 0.04 | S1030: 2.51 | T1030: 1.18 | U1030: 4.1 | V1030: 5.75 | W1030: 2.32 | X1030: 2.41 | Y1030: 1.47 | Z1030: 1.1 | AA1030: 0
A1031: 050105 | B1031: AYACUCHO | C1031: HUAMANGA | D1031: CHIARA | E1031: 2739 | F1031: 0 | G1031: 86.2 | H1031: 0 | I1031: 0.69 | J1031: 0 | K1031: 0.11 | L1031: 1.94 | M1031: 4.64 | N1031: 1.61 | O1031: 1.17 | P1031: 0.04 | Q1031: 0.07 | R1031: 0 | S1031: 0.55 | T1031: 0.15 | U1031: 0.73 | V1031: 0.88 | W1031: 0.51 | X1031: 0.04 | Y1031: 0.44 | Z1031: 0.26 | AA1031: 0
A1032: 090717 | B1032: HUANCAVELICA | C1032: TAYACAJA | D1032: SURCUBAMBA | E1032: 1225 | F1032: 0 | G1032: 75.59 | H1032: 0.33 | I1032: 0.49 | J1032: 0.16 | K1032: 0.24 | L1032: 3.1 | M1032: 5.06 | N1032: 0.65 | O1032: 1.71 | P1032: 0 | Q1032: 0.08 | R1032: 0 | S1032: 1.14 | T1032: 1.06 | U1032: 3.02 | V1032: 4.49 | W1032: 1.47 | X1032: 0 | Y1032: 0.57 | Z1032: 0.82 | AA1032: 0
A1033: 090208 | B1033: HUANCAVELICA | C1033: ACOBAMBA | D1033: ROSARIO | E1033: 1262 | F1033: 0 | G1033: 88.27 | H1033: 0 | I1033: 0.4 | J1033: 0 | K1033: 0.08 | L1033: 2.69 | M1033: 2.77 | N1033: 0.79 | O1033: 0.32 | P1033: 0.08 | Q1033: 0 | R1033: 0 | S1033: 0.48 | T1033: 0 | U1033: 0.87 | V1033: 1.74 | W1033: 1.35 | X1033: 0 | Y1033: 0 | Z1033: 0.16 | AA1033: 0
A1034: 030701 | B1034: APURIMAC | C1034: GRAU | D1034: CHUQUIBAMBILLA | E1034: 1612 | F1034: 0 | G1034: 37.47 | H1034: 1.12 | I1034: 1.86 | J1034: 0.06 | K1034: 0.06 | L1034: 6.89 | M1034: 10.55 | N1034: 3.47 | O1034: 4.28 | P1034: 0.43 | Q1034: 0.43 | R1034: 0 | S1034: 1.8 | T1034: 1.24 | U1034: 4.78 | V1034: 20.47 | W1034: 3.04 | X1034: 0.06 | Y1034: 1.8 | Z1034: 0.19 | AA1034: 0
A1035: 030505 | B1035: APURIMAC | C1035: COTABAMBAS | D1035: MARA | E1035: 1260 | F1035: 0 | G1035: 59.52 | H1035: 0.08 | I1035: 1.75 | J1035: 0 | K1035: 0.08 | L1035: 11.67 | M1035: 5.79 | N1035: 1.03 | O1035: 1.43 | P1035: 0.16 | Q1035: 0 | R1035: 0 | S1035: 1.43 | T1035: 0.71 | U1035: 6.75 | V1035: 6.27 | W1035: 1.59 | X1035: 0.08 | Y1035: 1.27 | Z1035: 0.4 | AA1035: 0
A1036: 090507 | B1036: HUANCAVELICA | C1036: CHURCAMPA | D1036: PAUCARBAMBA | E1036: 1332 | F1036: 0 | G1036: 77.55 | H1036: 0 | I1036: 1.05 | J1036: 0 | K1036: 0 | L1036: 1.05 | M1036: 5.86 | N1036: 1.35 | O1036: 1.13 | P1036: 0 | Q1036: 0.08 | R1036: 0 | S1036: 0.08 | T1036: 0 | U1036: 3.75 | V1036: 5.86 | W1036: 1.65 | X1036: 0.08 | Y1036: 0.53 | Z1036: 0 | AA1036: 0
... A1494: 050616 | B1494: AYACUCHO | C1494: LUCANAS | D1494: SAN JUAN | E1494: 457 | F1494: 0 | G1494: 61.27 | H1494: 2.84 | I1494: 1.97 | J1494: 0 | K1494: 0 | L1494: 5.47 | M1494: 7.66 | N1494: 2.63 | O1494: 0.66 | P1494: 0.22 | Q1494: 0 | R1494: 0 | S1494: 2.19 | T1494: 0.22 | U1494: 3.06 | V1494: 8.97 | W1494: 1.53 | X1494: 0 | Y1494: 0.88 | Z1494: 0.44 | AA1494: 0
A1495: 060111 | B1495: CAJAMARCA | C1495: CAJAMARCA | E1495: 0 | F1495: 0 | G1495: 69.02 | H1495: 0.15 | I1495: 2.87 | J1495: 0.02 | K1495: 0.04 | L1495: 5.02 | M1495: 6.32 | N1495: 3.67 | O1495: 2.67 | P1495: 0.18 | Q1495: 0.08 | R1495: 0 | S1495: 1.22 | T1495: 0.81 | U1495: 1.78 | V1495: 3 | W1495: 0.8 | X1495: 0.13 | Y1495: 1.01 | Z1495: 1.2 | AA1495: 0
A1496: 090605 | B1496: HUANCAVELICA | C1496: HUAYTARA | D1496: LARAMARCA | E1496: 359 | F1496: 0 | G1496: 66.85 | H1496: 0 | I1496: 0.84 | J1496: 0 | K1496: 0 | L1496: 8.08 | M1496: 6.96 | N1496: 1.95 | O1496: 2.51 | P1496: 0 | Q1496: 0 | R1496: 0 | S1496: 3.62 | T1496: 0.56 | U1496: 1.11 | V1496: 3.62 | W1496: 0.84 | X1496: 0 | Y1496: 1.39 | Z1496: 1.67 | AA1496: 0
A1497: 060808 | B1497: CAJAMARCA | C1497: JAEN | D1497: PUCARA | E1497: 2299 | F1497: 0 | G1497: 37.89 | H1497: 0.22 | I1497: 3.52 | J1497: 0.17 | K1497: 0.17 | L1497: 5.92 | M1497: 15.75 | N1497: 8.26 | O1497: 4.96 | P1497: 0.13 | Q1497: 0.39 | R1497: 0.04 | S1497: 1.96 | T1497: 1.7 | U1497: 3.18 | V1497: 9.22 | W1497: 1.61 | X1497: 0.96 | Y1497: 2.13 | Z1497: 1.83 | AA1497: 0
A1498: 080201 | B1498: CUSCO | C1498: ACOMAYO | D1498: ACOMAYO | E1498: 1593 | F1498: 0 | G1498: 53.99 | H1498: 0.44 | I1498: 2.13 | J1498: 0 | K1498: 0 | L1498: 5.78 | M1498: 11.24 | N1498: 2.26 | O1498: 3.64 | P1498: 0.13 | Q1498: 0.06 | R1498: 0 | S1498: 1.88 | T1498: 0.88 | U1498: 5.71 | V1498: 8.79 | W1498: 1.51 | X1498: 0.06 | Y1498: 1.26 | Z1498: 0.25 | AA1498: 0
A1499: 080606 | B1499: CUSCO | C1499: CANCHIS | D1499: SAN PABLO | E1499: 1689 | F1499: 0 | G1499: 73.36 | H1499: 0.36 | I1499: 3.79 | J1499: 0.06 | K1499: 0.12 | L1499: 3.97 | M1499: 6.75 | N1499: 1.89 | O1499: 1.48 | P1499: 0.06 | Q1499: 0.12 | R1499: 0 | S1499: 1.6 | T1499: 0.47 | U1499: 1.66 | V1499: 3.14 | W1499: 0.3 | X1499: 0.12 | Y1499: 0.41 | Z1499: 0.36 | AA1499: 0
A1500: 080502 | B1500: CUSCO | C1500: CANAS | D1500: CHECCA | E1500: 969 | F1500: 0 | G1500: 85.55 | H1500: 0 | I1500: 1.75 | J1500: 0 | K1500: 0 | L1500: 2.99 | M1500: 2.17 | N1500: 0.72 | O1500: 1.03 | P1500: 0.31 | Q1500: 0 | R1500: 0 | S1500: 0.72 | T1500: 0.83 | U1500: 0.72 | V1500: 2.06 | W1500: 0.52 | X1500: 0.21 | Y1500: 0.41 | Z1500: 0 | AA1500: 0
A1501: 020102 | B1501: ANCASH | C1501: HUARAZ | D1501: COCHABAMBA | E1501: 478 | F1501: 0 | G1501: 82.64 | H1501: 0.21 | I1501: 0.42 | J1501: 0 | K1501: 0 | L1501: 0.84 | M1501: 3.77 | N1501: 0.84 | O1501: 1.67 | P1501: 0 | Q1501: 0 | R1501: 0 | S1501: 0.21 | T1501: 0.42 | U1501: 2.3 | V1501: 3.97 | W1501: 1.67 | X1501: 0 | Y1501: 1.05 | Z1501: 0 | AA1501: 0
A1502: 051106 | B1502: AYACUCHO | C1502: VILCAS HUAMAN | D1502: INDEPENDENCIA | E1502: 129 | F1502: 0 | G1502: 41.09 | H1502: 0 | I1502: 0 | J1502: 0 | K1502: 0 | L1502: 16.28 | M1502: 10.08 | N1502: 0.78 | O1502: 1.55 | P1502: 0 | Q1502: 0 | R1502: 0 | S1502: 4.65 | T1502: 0.78 | U1502: 4.65 | V1502: 16.28 | W1502: 3.1 | X1502: 0 | Y1502: 0.78 | Z1502: 0 | AA1502: 0
A1503: 061104 | B1503: CAJAMARCA | C1503: SAN MIGUEL | D1503: CATILLUC | E1503: 923 | F1503: 0 | G1503: 84.62 | H1503: 0.11 | I1503: 1.3 | J1503: 0.11 | K1503: 0 | L1503: 0.87 | M1503: 2.38 | N1503: 0.76 | O1503: 0.87 | P1503: 0 | Q1503: 0.22 | R1503: 0 | S1503: 0.65 | T1503: 0.33 | U1503: 1.3 | V1503: 3.58 | W1503: 1.3 | X1503: 0 | Y1503: 0.43 | Z1503: 1.19 | AA1503: 0
A1504: 050703 | B1504: AYACUCHO | C1504: PARINACOCHAS | D1504: CORONEL CASTAÑEDA | E1504: 1020 | F1504: 0 | G1504: 13.82 | H1504: 59.71 | I1504: 2.16 | J1504: 0.49 | K1504: 0.29 | L1504: 6.37 | M1504: 3.43 | N1504: 3.24 | O1504: 3.82 | P1504: 0 | Q1504: 0 | R1504: 0 | S1504: 0.49 | T1504: 1.86 | U1504: 1.57 | V1504: 1.96 | W1504: 0.49 | X1504: 0 | Y1504: 0.29 | Z1504: 0 | AA1504: 0
A1505: 020607 | B1505: ANCASH | C1505: CARHUAZ | D1505: PARIAHUANCA | E1505: 263 | F1505: 0 | G1505: 58.94 | H1505: 0.76 | I1505: 1.52 | J1505: 0 | K1505: 0 | L1505: 12.93 | M1505: 1.9 | N1505: 5.32 | O1505: 2.66 | P1505: 0 | Q1505: 0 | R1505: 0 | S1505: 2.28 | T1505: 1.14 | U1505: 2.66 | V1505: 7.98 | W1505: 0.76 | X1505: 0 | Y1505: 1.14 | Z1505: 0 | AA1505: 0
A1506: 040505 | B1506: AREQUIPA | C1506: CAYLLOMA | D1506: CAYLLOMA | E1506: 1613 | F1506: 0 | G1506: 17.61 | H1506: 41.54 | I1506: 3.16 | J1506: 0.37 | K1506: 0.31 | L1506: 6.82 | M1506: 9.24 | N1506: 3.1 | O1506: 5.7 | P1506: 0.12 | Q1506: 0.06 | R1506: 0 | S1506: 2.42 | T1506: 1.05 | U1506: 3.78 | V1506: 0.68 | W1506: 0.93 | X1506: 0 | Y1506: 2.98 | Z1506: 0.12 | AA1506: 0
A1507: 060307 | B1507: CAJAMARCA | C1507: CELENDIN | D1507: MIGUEL IGLESIAS | E1507: 1154 | F1507: 0 | G1507: 85.53 | H1507: 0 | I1507: 3.81 | J1507: 0 | K1507: 0 | L1507: 1.13 | M1507: 1.82 | N1507: 0.17 | O1507: 1.3 | P1507: 0 | Q1507: 0 | R1507: 0 | S1507: 0.43 | T1507: 0.35 | U1507: 2.51 | V1507: 1.47 | W1507: 1.13 | X1507: 0 | Y1507: 0.26 | Z1507: 0.09 | AA1507: 0
... A1547: 030208 | B1547: APURIMAC | C1547: ANDAHUAYLAS | D1547: PACOBAMBA | E1547: 1190 | F1547: 0 | G1547: 79.92 | H1547: 0.08 | I1547: 0.42 | J1547: 0 | K1547: 0 | L1547: 1.68 | M1547: 9.75 | N1547: 0.92 | O1547: 0.84 | P1547: 0.08 | Q1547: 0.17 | R1547: 0.08 | S1547: 0.17 | T1547: 0.17 | U1547: 2.77 | V1547: 1.01 | W1547: 1.43 | X1547: 0 | Y1547: 0.42 | Z1547: 0.08 | AA1547: 0
A1548: 061108 | B1548: CAJAMARCA | C1548: SAN MIGUEL | E1548: 0 | F1548: 0 | G1548: 76.95 | H1548: 0.24 | I1548: 2.07 | J1548: 0 | K1548: 0 | L1548: 2.41 | M1548: 5.21 | N1548: 1.24 | O1548: 1.47 | P1548: 0.07 | Q1548: 0 | R1548: 0 | S1548: 0.71 | T1548: 0.32 | U1548: 2.21 | V1548: 4.51 | W1548: 1.42 | X1548: 0 | Y1548: 0.54 | Z1548: 0.62 | AA1548: 0
A1549: 060605 | B1549: CAJAMARCA | C1549: CUTERVO | D1549: LA RAMADA | E1549: 1222 | F1549: 0 | G1549: 82.41 | H1549: 0.08 | I1549: 1.88 | J1549: 0 | K1549: 0 | L1549: 1.23 | M1549: 3.03 | N1549: 2.13 | O1549: 0.57 | P1549: 0.08 | Q1549: 0 | R1549: 0 | S1549: 1.31 | T1549: 0.41 | U1549: 1.31 | V1549: 3.36 | W1549: 1.31 | X1549: 0 | Y1549: 0.82 | Z1549: 0.08 | AA1549: 0
A1550: 021703 | B1550: ANCASH | C1550: RECUAY | D1550: COTAPARACO | E1550: 147 | F1550: 0 | G1550: 54.42 | H1550: 2.04 | I1550: 0.68 | J1550: 0 | K1550: 0 | L1550: 9.52 | M1550: 8.84 | N1550: 2.72 | O1550: 2.04 | P1550: 0 | Q1550: 0 | R1550: 0 | S1550: 2.72 | T1550: 0 | U1550: 7.48 | V1550: 6.12 | W1550: 2.04 | X1550: 0 | Y1550: 1.36 | Z1550: 0 | AA1550: 0
A1551: 080102 | B1551: CUSCO | C1551: CUSCO | D1551: CCORCA | E1551: 761 | F1551: 0 | G1551: 80.81 | H1551: 0 | I1551: 1.45 | J1551: 0 | K1551: 0 | L1551: 4.2 | M1551: 5.39 | N1551: 2.89 | O1551: 1.45 | P1551: 0 | Q1551: 0 | R1551: 0 | S1551: 0.79 | T1551: 0.66 | U1551: 0.79 | V1551: 0.39 | W1551: 0 | X1551: 0 | Y1551: 1.05 | Z1551: 0.13 | AA1551: 0
A1552: 010604 | B1552: AMAZONAS | C1552: RODRIGUEZ DE MENDOZA | D1552: HUAMBO | E1552: 991 | F1552: 0 | G1552: 74.67 | H1552: 0 | I1552: 1.51 | J1552: 0 | K1552: 0 | L1552: 2.52 | M1552: 4.04 | N1552: 3.23 | O1552: 0.71 | P1552: 0.1 | Q1552: 0 | R1552: 0 | S1552: 0.61 | T1552: 0.2 | U1552: 2.62 | V1552: 7.67 | W1552: 1.51 | X1552: 0.1 | Y1552: 0.2 | Z1552: 0.3 | AA1552: 0
A1553: 010601 | B1553: AMAZONAS | C1553: RODRIGUEZ DE MENDOZA | D1553: SAN NICOLAS | E1553: 2456 | F1553: 0 | G1553: 31.15 | H1553: 0.08 | I1553: 4.97 | J1553: 0.04 | K1553: 0.16 | L1553: 10.34 | M1553: 16.78 | N1553: 5.94 | O1553: 5.21 | P1553: 0.45 | Q1553: 1.06 | R1553: 0 | S1553: 2.4 | T1553: 0.9 | U1553: 5.9 | V1553: 6.92 | W1553: 3.42 | X1553: 0.53 | Y1553: 2.04 | Z1553: 1.71 | AA1553: 0
A1554: 020904 | B1554: ANCASH | C1554: CORONGO | D1554: CUSCA | E1554: 645 | F1554: 0 | G1554: 71.94 | H1554: 1.4 | I1554: 1.71 | J1554: 0 | K1554: 0 | L1554: 1.4 | M1554: 5.74 | N1554: 1.4 | O1554: 1.71 | P1554: 0 | Q1554: 0 | R1554: 0 | S1554: 0.47 | T1554: 0.16 | U1554: 2.64 | V1554: 8.84 | W1554: 1.71 | X1554: 0.16 | Y1554: 0.31 | Z1554: 0.47 | AA1554: 0
A1555: 040207 | B1555: AREQUIPA | C1555: CAMANA | D1555: QUILCA | E1555: 447 | F1555: 0 | G1555: 51.45 | H1555: 0.89 | I1555: 2.24 | J1555: 0 | K1555: 0.45 | L1555: 8.95 | M1555: 12.3 | N1555: 3.36 | O1555: 7.83 | P1555: 0.22 | Q1555: 0 | R1555: 0 | S1555: 0.67 | T1555: 1.57 | U1555: 5.82 | V1555: 2.01 | W1555: 1.12 | X1555: 0 | Y1555: 0.45 | Z1555: 0.67 | AA1555: 0
A1556: 090606 | B1556: HUANCAVELICA | C1556: HUAYTARA | D1556: OCOYO | E1556: 351 | F1556: 0 | G1556: 33.33 | H1556: 30.2 | I1556: 0.57 | J1556: 0 | K1556: 0 | L1556: 11.4 | M1556: 3.42 | N1556: 2.85 | O1556: 6.27 | P1556: 0 | Q1556: 0 | R1556: 0 | S1556: 2.56 | T1556: 3.99 | U1556: 0.57 | V1556: 3.13 | W1556: 1.42 | X1556: 0 | Y1556: 0 | Z1556: 0.28 | AA1556: 0
A1557: 061113 | B1557: CAJAMARCA | C1557: SAN MIGUEL | D1557: UNION AGUA BLANCA | E1557: 905 | F1557: 0 | G1557: 83.2 | H1557: 0 | I1557: 1.22 | J1557: 0 | K1557: 0 | L1557: 1.66 | M1557: 3.2 | N1557: 1.22 | O1557: 2.21 | P1557: 0 | Q1557: 0 | R1557: 0 | S1557: 0.33 | T1557: 0.22 | U1557: 1.22 | V1557: 3.31 | W1557: 0.99 | X1557: 0 | Y1557: 0.66 | Z1557: 0.55 | AA1557: 0
A1558: 040602 | B1558: AREQUIPA | C1558: CONDESUYOS | D1558: ANDARAY | E1558: 491 | F1558: 0 | G1558: 29.74 | H1558: 47.86 | I1558: 3.67 | J1558: 0 | K1558: 0 | L1558: 2.44 | M1558: 2.44 | N1558: 1.43 | O1558: 3.46 | P1558: 0 | Q1558: 0 | R1558: 0 | S1558: 0.41 | T1558: 1.43 | U1558: 4.89 | V1558: 1.43 | W1558: 0.41 | X1558: 0 | Y1558: 0 | Z1558: 0.41 | AA1558: 0
A1559: 040603 | B1559: AREQUIPA | C1559: CONDESUYOS | D1559: CAYARANI | E1559: 1618 | F1559: 0 | G1559: 32.88 | H1559: 43.33 | I1559: 2.1 | J1559: 0.06 | K1559: 0 | L1559: 5.44 | M1559: 3.89 | N1559: 2.72 | O1559: 1.98 | P1559: 0 | Q1559: 0 | R1559: 0 | S1559: 1.24 | T1559: 0.56 | U1559: 2.66 | V1559: 2.35 | W1559: 0.31 | X1559: 0.06 | Y1559: 0.43 | Z1559: 0 | AA1559: 0
A1560: 040517 | B1560: AREQUIPA | C1560: CAYLLOMA | D1560: TISCO | E1560: 782 | F1560: 0 | G1560: 57.8 | H1560: 0.51 | I1560: 4.99 | J1560: 0.13 | K1560: 0 | L1560: 17.77 | M1560: 4.22 | N1560: 2.56 | O1560: 1.66 | P1560: 0 | Q1560: 0 | R1560: 0 | S1560: 1.53 | T1560: 0.77 | U1560: 3.45 | V1560: 1.41 | W1560: 1.28 | X1560: 0 | Y1560: 1.66 | Z1560: 0.26 | AA1560: 0
... A1892: 020109 | B1892: ANCASH | C1892: HUARAZ | D1892: PAMPAS | E1892: 347 | F1892: 0 | G1892: 86.46 | H1892: 0 | I1892: 0.86 | J1892: 0 | K1892: 0 | L1892: 0 | M1892: 2.31 | N1892: 0.86 | O1892: 0.86 | P1892: 0 | Q1892: 0 | R1892: 0 | S1892: 0 | T1892: 0 | U1892: 0.58 | V1892: 4.03 | W1892: 1.15 | X1892: 0 | Y1892: 0 | Z1892: 2.88 | AA1892: 0

Sheet Score s
A1: ubigeo | B1: distrito | C1: % Agropecuario | D1: % Pesca | E1: % Mineria | F1: % Manufactura | G1: % Electricidad y agua | H1: % Construccion | I1: % Comercio | J1: % Servicios | K1: suma % | L1: s (estres) | M1: PEA ocup. | N1: s FINAL (sin dato=peor) | O1: dato
A2: 100101 | B2: HUANUCO | C2: ='Empleo Censo'!G2-'Empleo Censo'!F2 | D2: ='Empleo Censo'!F2 | E2: ='Empleo Censo'!H2 | F2: ='Empleo Censo'!I2 | G2: ='Empleo Censo'!J2+'Empleo Censo'!K2 | H2: ='Empleo Censo'!L2 | I2: ='Empleo Censo'!M2 | J2: =SUM('Empleo Censo'!N2:AA2) | K2: =SUM(C2:J2) | L2: =SUMPRODUCT(C2:J2,Factores!$B$3:$I$3) | M2: ='Empleo Censo'!E2 | N2: =IF(M2>0,L2,Factores!$B$7) | O2: =IF(M2>0,"OK","sin PEA -> peor")
A3: 100102 | B3: AMARILIS | C3: ='Empleo Censo'!G3-'Empleo Censo'!F3 | D3: ='Empleo Censo'!F3 | E3: ='Empleo Censo'!H3 | F3: ='Empleo Censo'!I3 | G3: ='Empleo Censo'!J3+'Empleo Censo'!K3 | H3: ='Empleo Censo'!L3 | I3: ='Empleo Censo'!M3 | J3: =SUM('Empleo Censo'!N3:AA3) | K3: =SUM(C3:J3) | L3: =SUMPRODUCT(C3:J3,Factores!$B$3:$I$3) | M3: ='Empleo Censo'!E3 | N3: =IF(M3>0,L3,Factores!$B$7) | O3: =IF(M3>0,"OK","sin PEA -> peor")
A4: 100103 | B4: CHINCHAO | C4: ='Empleo Censo'!G4-'Empleo Censo'!F4 | D4: ='Empleo Censo'!F4 | E4: ='Empleo Censo'!H4 | F4: ='Empleo Censo'!I4 | G4: ='Empleo Censo'!J4+'Empleo Censo'!K4 | H4: ='Empleo Censo'!L4 | I4: ='Empleo Censo'!M4 | J4: =SUM('Empleo Censo'!N4:AA4) | K4: =SUM(C4:J4) | L4: =SUMPRODUCT(C4:J4,Factores!$B$3:$I$3) | M4: ='Empleo Censo'!E4 | N4: =IF(M4>0,L4,Factores!$B$7) | O4: =IF(M4>0,"OK","sin PEA -> peor")
A5: 100104 | B5: CHURUBAMBA | C5: ='Empleo Censo'!G5-'Empleo Censo'!F5 | D5: ='Empleo Censo'!F5 | E5: ='Empleo Censo'!H5 | F5: ='Empleo Censo'!I5 | G5: ='Empleo Censo'!J5+'Empleo Censo'!K5 | H5: ='Empleo Censo'!L5 | I5: ='Empleo Censo'!M5 | J5: =SUM('Empleo Censo'!N5:AA5) | K5: =SUM(C5:J5) | L5: =SUMPRODUCT(C5:J5,Factores!$B$3:$I$3) | M5: ='Empleo Censo'!E5 | N5: =IF(M5>0,L5,Factores!$B$7) | O5: =IF(M5>0,"OK","sin PEA -> peor")
A6: 100105 | B6: MARGOS | C6: ='Empleo Censo'!G6-'Empleo Censo'!F6 | D6: ='Empleo Censo'!F6 | E6: ='Empleo Censo'!H6 | F6: ='Empleo Censo'!I6 | G6: ='Empleo Censo'!J6+'Empleo Censo'!K6 | H6: ='Empleo Censo'!L6 | I6: ='Empleo Censo'!M6 | J6: =SUM('Empleo Censo'!N6:AA6) | K6: =SUM(C6:J6) | L6: =SUMPRODUCT(C6:J6,Factores!$B$3:$I$3) | M6: ='Empleo Censo'!E6 | N6: =IF(M6>0,L6,Factores!$B$7) | O6: =IF(M6>0,"OK","sin PEA -> peor")
A7: 100106 | B7: QUISQUI | C7: ='Empleo Censo'!G7-'Empleo Censo'!F7 | D7: ='Empleo Censo'!F7 | E7: ='Empleo Censo'!H7 | F7: ='Empleo Censo'!I7 | G7: ='Empleo Censo'!J7+'Empleo Censo'!K7 | H7: ='Empleo Censo'!L7 | I7: ='Empleo Censo'!M7 | J7: =SUM('Empleo Censo'!N7:AA7) | K7: =SUM(C7:J7) | L7: =SUMPRODUCT(C7:J7,Factores!$B$3:$I$3) | M7: ='Empleo Censo'!E7 | N7: =IF(M7>0,L7,Factores!$B$7) | O7: =IF(M7>0,"OK","sin PEA -> peor")
A8: 100107 | B8: SAN FRANCISCO DE CAYRAN | C8: ='Empleo Censo'!G8-'Empleo Censo'!F8 | D8: ='Empleo Censo'!F8 | E8: ='Empleo Censo'!H8 | F8: ='Empleo Censo'!I8 | G8: ='Empleo Censo'!J8+'Empleo Censo'!K8 | H8: ='Empleo Censo'!L8 | I8: ='Empleo Censo'!M8 | J8: =SUM('Empleo Censo'!N8:AA8) | K8: =SUM(C8:J8) | L8: =SUMPRODUCT(C8:J8,Factores!$B$3:$I$3) | M8: ='Empleo Censo'!E8 | N8: =IF(M8>0,L8,Factores!$B$7) | O8: =IF(M8>0,"OK","sin PEA -> peor")
A9: 100108 | B9: SAN PEDRO DE CHAULAN | C9: ='Empleo Censo'!G9-'Empleo Censo'!F9 | D9: ='Empleo Censo'!F9 | E9: ='Empleo Censo'!H9 | F9: ='Empleo Censo'!I9 | G9: ='Empleo Censo'!J9+'Empleo Censo'!K9 | H9: ='Empleo Censo'!L9 | I9: ='Empleo Censo'!M9 | J9: =SUM('Empleo Censo'!N9:AA9) | K9: =SUM(C9:J9) | L9: =SUMPRODUCT(C9:J9,Factores!$B$3:$I$3) | M9: ='Empleo Censo'!E9 | N9: =IF(M9>0,L9,Factores!$B$7) | O9: =IF(M9>0,"OK","sin PEA -> peor")
A10: 100109 | B10: SANTA MARIA DEL VALLE | C10: ='Empleo Censo'!G10-'Empleo Censo'!F10 | D10: ='Empleo Censo'!F10 | E10: ='Empleo Censo'!H10 | F10: ='Empleo Censo'!I10 | G10: ='Empleo Censo'!J10+'Empleo Censo'!K10 | H10: ='Empleo Censo'!L10 | I10: ='Empleo Censo'!M10 | J10: =SUM('Empleo Censo'!N10:AA10) | K10: =SUM(C10:J10) | L10: =SUMPRODUCT(C10:J10,Factores!$B$3:$I$3) | M10: ='Empleo Censo'!E10 | N10: =IF(M10>0,L10,Factores!$B$7) | O10: =IF(M10>0,"OK","sin PEA -> peor")
A11: 100110 | B11: YARUMAYO | C11: ='Empleo Censo'!G11-'Empleo Censo'!F11 | D11: ='Empleo Censo'!F11 | E11: ='Empleo Censo'!H11 | F11: ='Empleo Censo'!I11 | G11: ='Empleo Censo'!J11+'Empleo Censo'!K11 | H11: ='Empleo Censo'!L11 | I11: ='Empleo Censo'!M11 | J11: =SUM('Empleo Censo'!N11:AA11) | K11: =SUM(C11:J11) | L11: =SUMPRODUCT(C11:J11,Factores!$B$3:$I$3) | M11: ='Empleo Censo'!E11 | N11: =IF(M11>0,L11,Factores!$B$7) | O11: =IF(M11>0,"OK","sin PEA -> peor")
A12: 100111 | B12: PILLCO MARCA | C12: ='Empleo Censo'!G12-'Empleo Censo'!F12 | D12: ='Empleo Censo'!F12 | E12: ='Empleo Censo'!H12 | F12: ='Empleo Censo'!I12 | G12: ='Empleo Censo'!J12+'Empleo Censo'!K12 | H12: ='Empleo Censo'!L12 | I12: ='Empleo Censo'!M12 | J12: =SUM('Empleo Censo'!N12:AA12) | K12: =SUM(C12:J12) | L12: =SUMPRODUCT(C12:J12,Factores!$B$3:$I$3) | M12: ='Empleo Censo'!E12 | N12: =IF(M12>0,L12,Factores!$B$7) | O12: =IF(M12>0,"OK","sin PEA -> peor")
A13: 100112 | B13: YACUS | C13: ='Empleo Censo'!G13-'Empleo Censo'!F13 | D13: ='Empleo Censo'!F13 | E13: ='Empleo Censo'!H13 | F13: ='Empleo Censo'!I13 | G13: ='Empleo Censo'!J13+'Empleo Censo'!K13 | H13: ='Empleo Censo'!L13 | I13: ='Empleo Censo'!M13 | J13: =SUM('Empleo Censo'!N13:AA13) | K13: =SUM(C13:J13) | L13: =SUMPRODUCT(C13:J13,Factores!$B$3:$I$3) | M13: ='Empleo Censo'!E13 | N13: =IF(M13>0,L13,Factores!$B$7) | O13: =IF(M13>0,"OK","sin PEA -> peor")
... A510: 150904 | B510: COCHAMARCA | C510: ='Empleo Censo'!G510-'Empleo Censo'!F510 | D510: ='Empleo Censo'!F510 | E510: ='Empleo Censo'!H510 | F510: ='Empleo Censo'!I510 | G510: ='Empleo Censo'!J510+'Empleo Censo'!K510 | H510: ='Empleo Censo'!L510 | I510: ='Empleo Censo'!M510 | J510: =SUM('Empleo Censo'!N510:AA510) | K510: =SUM(C510:J510) | L510: =SUMPRODUCT(C510:J510,Factores!$B$3:$I$3) | M510: ='Empleo Censo'!E510 | N510: =IF(M510>0,L510,Factores!$B$7) | O510: =IF(M510>0,"OK","sin PEA -> peor")
A511: 150905 | C511: ='Empleo Censo'!G511-'Empleo Censo'!F511 | D511: ='Empleo Censo'!F511 | E511: ='Empleo Censo'!H511 | F511: ='Empleo Censo'!I511 | G511: ='Empleo Censo'!J511+'Empleo Censo'!K511 | H511: ='Empleo Censo'!L511 | I511: ='Empleo Censo'!M511 | J511: =SUM('Empleo Censo'!N511:AA511) | K511: =SUM(C511:J511) | L511: =SUMPRODUCT(C511:J511,Factores!$B$3:$I$3) | M511: ='Empleo Censo'!E511 | N511: =IF(M511>0,L511,Factores!$B$7) | O511: =IF(M511>0,"OK","sin PEA -> peor")
A512: 150906 | B512: PACHANGARA | C512: ='Empleo Censo'!G512-'Empleo Censo'!F512 | D512: ='Empleo Censo'!F512 | E512: ='Empleo Censo'!H512 | F512: ='Empleo Censo'!I512 | G512: ='Empleo Censo'!J512+'Empleo Censo'!K512 | H512: ='Empleo Censo'!L512 | I512: ='Empleo Censo'!M512 | J512: =SUM('Empleo Censo'!N512:AA512) | K512: =SUM(C512:J512) | L512: =SUMPRODUCT(C512:J512,Factores!$B$3:$I$3) | M512: ='Empleo Censo'!E512 | N512: =IF(M512>0,L512,Factores!$B$7) | O512: =IF(M512>0,"OK","sin PEA -> peor")
A513: 151001 | B513: YAUYOS | C513: ='Empleo Censo'!G513-'Empleo Censo'!F513 | D513: ='Empleo Censo'!F513 | E513: ='Empleo Censo'!H513 | F513: ='Empleo Censo'!I513 | G513: ='Empleo Censo'!J513+'Empleo Censo'!K513 | H513: ='Empleo Censo'!L513 | I513: ='Empleo Censo'!M513 | J513: =SUM('Empleo Censo'!N513:AA513) | K513: =SUM(C513:J513) | L513: =SUMPRODUCT(C513:J513,Factores!$B$3:$I$3) | M513: ='Empleo Censo'!E513 | N513: =IF(M513>0,L513,Factores!$B$7) | O513: =IF(M513>0,"OK","sin PEA -> peor")
A514: 151002 | B514: ALIS | C514: ='Empleo Censo'!G514-'Empleo Censo'!F514 | D514: ='Empleo Censo'!F514 | E514: ='Empleo Censo'!H514 | F514: ='Empleo Censo'!I514 | G514: ='Empleo Censo'!J514+'Empleo Censo'!K514 | H514: ='Empleo Censo'!L514 | I514: ='Empleo Censo'!M514 | J514: =SUM('Empleo Censo'!N514:AA514) | K514: =SUM(C514:J514) | L514: =SUMPRODUCT(C514:J514,Factores!$B$3:$I$3) | M514: ='Empleo Censo'!E514 | N514: =IF(M514>0,L514,Factores!$B$7) | O514: =IF(M514>0,"OK","sin PEA -> peor")
A515: 151003 | B515: AYAUCA | C515: ='Empleo Censo'!G515-'Empleo Censo'!F515 | D515: ='Empleo Censo'!F515 | E515: ='Empleo Censo'!H515 | F515: ='Empleo Censo'!I515 | G515: ='Empleo Censo'!J515+'Empleo Censo'!K515 | H515: ='Empleo Censo'!L515 | I515: ='Empleo Censo'!M515 | J515: =SUM('Empleo Censo'!N515:AA515) | K515: =SUM(C515:J515) | L515: =SUMPRODUCT(C515:J515,Factores!$B$3:$I$3) | M515: ='Empleo Censo'!E515 | N515: =IF(M515>0,L515,Factores!$B$7) | O515: =IF(M515>0,"OK","sin PEA -> peor")
A516: 151004 | B516: AYAVIRI | C516: ='Empleo Censo'!G516-'Empleo Censo'!F516 | D516: ='Empleo Censo'!F516 | E516: ='Empleo Censo'!H516 | F516: ='Empleo Censo'!I516 | G516: ='Empleo Censo'!J516+'Empleo Censo'!K516 | H516: ='Empleo Censo'!L516 | I516: ='Empleo Censo'!M516 | J516: =SUM('Empleo Censo'!N516:AA516) | K516: =SUM(C516:J516) | L516: =SUMPRODUCT(C516:J516,Factores!$B$3:$I$3) | M516: ='Empleo Censo'!E516 | N516: =IF(M516>0,L516,Factores!$B$7) | O516: =IF(M516>0,"OK","sin PEA -> peor")
A517: 151005 | B517: AZANGARO | C517: ='Empleo Censo'!G517-'Empleo Censo'!F517 | D517: ='Empleo Censo'!F517 | E517: ='Empleo Censo'!H517 | F517: ='Empleo Censo'!I517 | G517: ='Empleo Censo'!J517+'Empleo Censo'!K517 | H517: ='Empleo Censo'!L517 | I517: ='Empleo Censo'!M517 | J517: =SUM('Empleo Censo'!N517:AA517) | K517: =SUM(C517:J517) | L517: =SUMPRODUCT(C517:J517,Factores!$B$3:$I$3) | M517: ='Empleo Censo'!E517 | N517: =IF(M517>0,L517,Factores!$B$7) | O517: =IF(M517>0,"OK","sin PEA -> peor")
A518: 151006 | B518: CACRA | C518: ='Empleo Censo'!G518-'Empleo Censo'!F518 | D518: ='Empleo Censo'!F518 | E518: ='Empleo Censo'!H518 | F518: ='Empleo Censo'!I518 | G518: ='Empleo Censo'!J518+'Empleo Censo'!K518 | H518: ='Empleo Censo'!L518 | I518: ='Empleo Censo'!M518 | J518: =SUM('Empleo Censo'!N518:AA518) | K518: =SUM(C518:J518) | L518: =SUMPRODUCT(C518:J518,Factores!$B$3:$I$3) | M518: ='Empleo Censo'!E518 | N518: =IF(M518>0,L518,Factores!$B$7) | O518: =IF(M518>0,"OK","sin PEA -> peor")
A519: 151007 | B519: CARANIA | C519: ='Empleo Censo'!G519-'Empleo Censo'!F519 | D519: ='Empleo Censo'!F519 | E519: ='Empleo Censo'!H519 | F519: ='Empleo Censo'!I519 | G519: ='Empleo Censo'!J519+'Empleo Censo'!K519 | H519: ='Empleo Censo'!L519 | I519: ='Empleo Censo'!M519 | J519: =SUM('Empleo Censo'!N519:AA519) | K519: =SUM(C519:J519) | L519: =SUMPRODUCT(C519:J519,Factores!$B$3:$I$3) | M519: ='Empleo Censo'!E519 | N519: =IF(M519>0,L519,Factores!$B$7) | O519: =IF(M519>0,"OK","sin PEA -> peor")
A520: 151008 | B520: CATAHUASI | C520: ='Empleo Censo'!G520-'Empleo Censo'!F520 | D520: ='Empleo Censo'!F520 | E520: ='Empleo Censo'!H520 | F520: ='Empleo Censo'!I520 | G520: ='Empleo Censo'!J520+'Empleo Censo'!K520 | H520: ='Empleo Censo'!L520 | I520: ='Empleo Censo'!M520 | J520: =SUM('Empleo Censo'!N520:AA520) | K520: =SUM(C520:J520) | L520: =SUMPRODUCT(C520:J520,Factores!$B$3:$I$3) | M520: ='Empleo Censo'!E520 | N520: =IF(M520>0,L520,Factores!$B$7) | O520: =IF(M520>0,"OK","sin PEA -> peor")
A521: 151009 | B521: CHOCOS | C521: ='Empleo Censo'!G521-'Empleo Censo'!F521 | D521: ='Empleo Censo'!F521 | E521: ='Empleo Censo'!H521 | F521: ='Empleo Censo'!I521 | G521: ='Empleo Censo'!J521+'Empleo Censo'!K521 | H521: ='Empleo Censo'!L521 | I521: ='Empleo Censo'!M521 | J521: =SUM('Empleo Censo'!N521:AA521) | K521: =SUM(C521:J521) | L521: =SUMPRODUCT(C521:J521,Factores!$B$3:$I$3) | M521: ='Empleo Censo'!E521 | N521: =IF(M521>0,L521,Factores!$B$7) | O521: =IF(M521>0,"OK","sin PEA -> peor")
A522: 151010 | B522: COCHAS | C522: ='Empleo Censo'!G522-'Empleo Censo'!F522 | D522: ='Empleo Censo'!F522 | E522: ='Empleo Censo'!H522 | F522: ='Empleo Censo'!I522 | G522: ='Empleo Censo'!J522+'Empleo Censo'!K522 | H522: ='Empleo Censo'!L522 | I522: ='Empleo Censo'!M522 | J522: =SUM('Empleo Censo'!N522:AA522) | K522: =SUM(C522:J522) | L522: =SUMPRODUCT(C522:J522,Factores!$B$3:$I$3) | M522: ='Empleo Censo'!E522 | N522: =IF(M522>0,L522,Factores!$B$7) | O522: =IF(M522>0,"OK","sin PEA -> peor")
A523: 151011 | B523: COLONIA | C523: ='Empleo Censo'!G523-'Empleo Censo'!F523 | D523: ='Empleo Censo'!F523 | E523: ='Empleo Censo'!H523 | F523: ='Empleo Censo'!I523 | G523: ='Empleo Censo'!J523+'Empleo Censo'!K523 | H523: ='Empleo Censo'!L523 | I523: ='Empleo Censo'!M523 | J523: =SUM('Empleo Censo'!N523:AA523) | K523: =SUM(C523:J523) | L523: =SUMPRODUCT(C523:J523,Factores!$B$3:$I$3) | M523: ='Empleo Censo'!E523 | N523: =IF(M523>0,L523,Factores!$B$7) | O523: =IF(M523>0,"OK","sin PEA -> peor")
... A551: 160106 | B551: MAZAN | C551: ='Empleo Censo'!G551-'Empleo Censo'!F551 | D551: ='Empleo Censo'!F551 | E551: ='Empleo Censo'!H551 | F551: ='Empleo Censo'!I551 | G551: ='Empleo Censo'!J551+'Empleo Censo'!K551 | H551: ='Empleo Censo'!L551 | I551: ='Empleo Censo'!M551 | J551: =SUM('Empleo Censo'!N551:AA551) | K551: =SUM(C551:J551) | L551: =SUMPRODUCT(C551:J551,Factores!$B$3:$I$3) | M551: ='Empleo Censo'!E551 | N551: =IF(M551>0,L551,Factores!$B$7) | O551: =IF(M551>0,"OK","sin PEA -> peor")
A552: 160107 | C552: ='Empleo Censo'!G552-'Empleo Censo'!F552 | D552: ='Empleo Censo'!F552 | E552: ='Empleo Censo'!H552 | F552: ='Empleo Censo'!I552 | G552: ='Empleo Censo'!J552+'Empleo Censo'!K552 | H552: ='Empleo Censo'!L552 | I552: ='Empleo Censo'!M552 | J552: =SUM('Empleo Censo'!N552:AA552) | K552: =SUM(C552:J552) | L552: =SUMPRODUCT(C552:J552,Factores!$B$3:$I$3) | M552: ='Empleo Censo'!E552 | N552: =IF(M552>0,L552,Factores!$B$7) | O552: =IF(M552>0,"OK","sin PEA -> peor")
A553: 160108 | B553: PUNCHANA | C553: ='Empleo Censo'!G553-'Empleo Censo'!F553 | D553: ='Empleo Censo'!F553 | E553: ='Empleo Censo'!H553 | F553: ='Empleo Censo'!I553 | G553: ='Empleo Censo'!J553+'Empleo Censo'!K553 | H553: ='Empleo Censo'!L553 | I553: ='Empleo Censo'!M553 | J553: =SUM('Empleo Censo'!N553:AA553) | K553: =SUM(C553:J553) | L553: =SUMPRODUCT(C553:J553,Factores!$B$3:$I$3) | M553: ='Empleo Censo'!E553 | N553: =IF(M553>0,L553,Factores!$B$7) | O553: =IF(M553>0,"OK","sin PEA -> peor")
A554: 160110 | B554: TORRES CAUSANA | C554: ='Empleo Censo'!G554-'Empleo Censo'!F554 | D554: ='Empleo Censo'!F554 | E554: ='Empleo Censo'!H554 | F554: ='Empleo Censo'!I554 | G554: ='Empleo Censo'!J554+'Empleo Censo'!K554 | H554: ='Empleo Censo'!L554 | I554: ='Empleo Censo'!M554 | J554: =SUM('Empleo Censo'!N554:AA554) | K554: =SUM(C554:J554) | L554: =SUMPRODUCT(C554:J554,Factores!$B$3:$I$3) | M554: ='Empleo Censo'!E554 | N554: =IF(M554>0,L554,Factores!$B$7) | O554: =IF(M554>0,"OK","sin PEA -> peor")
A555: 160112 | B555: BELEN | C555: ='Empleo Censo'!G555-'Empleo Censo'!F555 | D555: ='Empleo Censo'!F555 | E555: ='Empleo Censo'!H555 | F555: ='Empleo Censo'!I555 | G555: ='Empleo Censo'!J555+'Empleo Censo'!K555 | H555: ='Empleo Censo'!L555 | I555: ='Empleo Censo'!M555 | J555: =SUM('Empleo Censo'!N555:AA555) | K555: =SUM(C555:J555) | L555: =SUMPRODUCT(C555:J555,Factores!$B$3:$I$3) | M555: ='Empleo Censo'!E555 | N555: =IF(M555>0,L555,Factores!$B$7) | O555: =IF(M555>0,"OK","sin PEA -> peor")
A556: 160113 | B556: SAN JUAN BAUTISTA | C556: ='Empleo Censo'!G556-'Empleo Censo'!F556 | D556: ='Empleo Censo'!F556 | E556: ='Empleo Censo'!H556 | F556: ='Empleo Censo'!I556 | G556: ='Empleo Censo'!J556+'Empleo Censo'!K556 | H556: ='Empleo Censo'!L556 | I556: ='Empleo Censo'!M556 | J556: =SUM('Empleo Censo'!N556:AA556) | K556: =SUM(C556:J556) | L556: =SUMPRODUCT(C556:J556,Factores!$B$3:$I$3) | M556: ='Empleo Censo'!E556 | N556: =IF(M556>0,L556,Factores!$B$7) | O556: =IF(M556>0,"OK","sin PEA -> peor")
A557: 160201 | B557: YURIMAGUAS | C557: ='Empleo Censo'!G557-'Empleo Censo'!F557 | D557: ='Empleo Censo'!F557 | E557: ='Empleo Censo'!H557 | F557: ='Empleo Censo'!I557 | G557: ='Empleo Censo'!J557+'Empleo Censo'!K557 | H557: ='Empleo Censo'!L557 | I557: ='Empleo Censo'!M557 | J557: =SUM('Empleo Censo'!N557:AA557) | K557: =SUM(C557:J557) | L557: =SUMPRODUCT(C557:J557,Factores!$B$3:$I$3) | M557: ='Empleo Censo'!E557 | N557: =IF(M557>0,L557,Factores!$B$7) | O557: =IF(M557>0,"OK","sin PEA -> peor")
A558: 160202 | B558: BALSAPUERTO | C558: ='Empleo Censo'!G558-'Empleo Censo'!F558 | D558: ='Empleo Censo'!F558 | E558: ='Empleo Censo'!H558 | F558: ='Empleo Censo'!I558 | G558: ='Empleo Censo'!J558+'Empleo Censo'!K558 | H558: ='Empleo Censo'!L558 | I558: ='Empleo Censo'!M558 | J558: =SUM('Empleo Censo'!N558:AA558) | K558: =SUM(C558:J558) | L558: =SUMPRODUCT(C558:J558,Factores!$B$3:$I$3) | M558: ='Empleo Censo'!E558 | N558: =IF(M558>0,L558,Factores!$B$7) | O558: =IF(M558>0,"OK","sin PEA -> peor")
A559: 160205 | B559: JEBEROS | C559: ='Empleo Censo'!G559-'Empleo Censo'!F559 | D559: ='Empleo Censo'!F559 | E559: ='Empleo Censo'!H559 | F559: ='Empleo Censo'!I559 | G559: ='Empleo Censo'!J559+'Empleo Censo'!K559 | H559: ='Empleo Censo'!L559 | I559: ='Empleo Censo'!M559 | J559: =SUM('Empleo Censo'!N559:AA559) | K559: =SUM(C559:J559) | L559: =SUMPRODUCT(C559:J559,Factores!$B$3:$I$3) | M559: ='Empleo Censo'!E559 | N559: =IF(M559>0,L559,Factores!$B$7) | O559: =IF(M559>0,"OK","sin PEA -> peor")
A560: 160206 | B560: LAGUNAS | C560: ='Empleo Censo'!G560-'Empleo Censo'!F560 | D560: ='Empleo Censo'!F560 | E560: ='Empleo Censo'!H560 | F560: ='Empleo Censo'!I560 | G560: ='Empleo Censo'!J560+'Empleo Censo'!K560 | H560: ='Empleo Censo'!L560 | I560: ='Empleo Censo'!M560 | J560: =SUM('Empleo Censo'!N560:AA560) | K560: =SUM(C560:J560) | L560: =SUMPRODUCT(C560:J560,Factores!$B$3:$I$3) | M560: ='Empleo Censo'!E560 | N560: =IF(M560>0,L560,Factores!$B$7) | O560: =IF(M560>0,"OK","sin PEA -> peor")
A561: 160210 | B561: SANTA CRUZ | C561: ='Empleo Censo'!G561-'Empleo Censo'!F561 | D561: ='Empleo Censo'!F561 | E561: ='Empleo Censo'!H561 | F561: ='Empleo Censo'!I561 | G561: ='Empleo Censo'!J561+'Empleo Censo'!K561 | H561: ='Empleo Censo'!L561 | I561: ='Empleo Censo'!M561 | J561: =SUM('Empleo Censo'!N561:AA561) | K561: =SUM(C561:J561) | L561: =SUMPRODUCT(C561:J561,Factores!$B$3:$I$3) | M561: ='Empleo Censo'!E561 | N561: =IF(M561>0,L561,Factores!$B$7) | O561: =IF(M561>0,"OK","sin PEA -> peor")
A562: 160211 | B562: TENIENTE CESAR LOPEZ ROJAS | C562: ='Empleo Censo'!G562-'Empleo Censo'!F562 | D562: ='Empleo Censo'!F562 | E562: ='Empleo Censo'!H562 | F562: ='Empleo Censo'!I562 | G562: ='Empleo Censo'!J562+'Empleo Censo'!K562 | H562: ='Empleo Censo'!L562 | I562: ='Empleo Censo'!M562 | J562: =SUM('Empleo Censo'!N562:AA562) | K562: =SUM(C562:J562) | L562: =SUMPRODUCT(C562:J562,Factores!$B$3:$I$3) | M562: ='Empleo Censo'!E562 | N562: =IF(M562>0,L562,Factores!$B$7) | O562: =IF(M562>0,"OK","sin PEA -> peor")
A563: 160301 | C563: ='Empleo Censo'!G563-'Empleo Censo'!F563 | D563: ='Empleo Censo'!F563 | E563: ='Empleo Censo'!H563 | F563: ='Empleo Censo'!I563 | G563: ='Empleo Censo'!J563+'Empleo Censo'!K563 | H563: ='Empleo Censo'!L563 | I563: ='Empleo Censo'!M563 | J563: =SUM('Empleo Censo'!N563:AA563) | K563: =SUM(C563:J563) | L563: =SUMPRODUCT(C563:J563,Factores!$B$3:$I$3) | M563: ='Empleo Censo'!E563 | N563: =IF(M563>0,L563,Factores!$B$7) | O563: =IF(M563>0,"OK","sin PEA -> peor")
A564: 160302 | B564: PARINARI | C564: ='Empleo Censo'!G564-'Empleo Censo'!F564 | D564: ='Empleo Censo'!F564 | E564: ='Empleo Censo'!H564 | F564: ='Empleo Censo'!I564 | G564: ='Empleo Censo'!J564+'Empleo Censo'!K564 | H564: ='Empleo Censo'!L564 | I564: ='Empleo Censo'!M564 | J564: =SUM('Empleo Censo'!N564:AA564) | K564: =SUM(C564:J564) | L564: =SUMPRODUCT(C564:J564,Factores!$B$3:$I$3) | M564: ='Empleo Censo'!E564 | N564: =IF(M564>0,L564,Factores!$B$7) | O564: =IF(M564>0,"OK","sin PEA -> peor")
A565: 160303 | B565: TIGRE | C565: ='Empleo Censo'!G565-'Empleo Censo'!F565 | D565: ='Empleo Censo'!F565 | E565: ='Empleo Censo'!H565 | F565: ='Empleo Censo'!I565 | G565: ='Empleo Censo'!J565+'Empleo Censo'!K565 | H565: ='Empleo Censo'!L565 | I565: ='Empleo Censo'!M565 | J565: =SUM('Empleo Censo'!N565:AA565) | K565: =SUM(C565:J565) | L565: =SUMPRODUCT(C565:J565,Factores!$B$3:$I$3) | M565: ='Empleo Censo'!E565 | N565: =IF(M565>0,L565,Factores!$B$7) | O565: =IF(M565>0,"OK","sin PEA -> peor")
A566: 160304 | B566: TROMPETEROS | C566: ='Empleo Censo'!G566-'Empleo Censo'!F566 | D566: ='Empleo Censo'!F566 | E566: ='Empleo Censo'!H566 | F566: ='Empleo Censo'!I566 | G566: ='Empleo Censo'!J566+'Empleo Censo'!K566 | H566: ='Empleo Censo'!L566 | I566: ='Empleo Censo'!M566 | J566: =SUM('Empleo Censo'!N566:AA566) | K566: =SUM(C566:J566) | L566: =SUMPRODUCT(C566:J566,Factores!$B$3:$I$3) | M566: ='Empleo Censo'!E566 | N566: =IF(M566>0,L566,Factores!$B$7) | O566: =IF(M566>0,"OK","sin PEA -> peor")
A567: 160305 | B567: URARINAS | C567: ='Empleo Censo'!G567-'Empleo Censo'!F567 | D567: ='Empleo Censo'!F567 | E567: ='Empleo Censo'!H567 | F567: ='Empleo Censo'!I567 | G567: ='Empleo Censo'!J567+'Empleo Censo'!K567 | H567: ='Empleo Censo'!L567 | I567: ='Empleo Censo'!M567 | J567: =SUM('Empleo Censo'!N567:AA567) | K567: =SUM(C567:J567) | L567: =SUMPRODUCT(C567:J567,Factores!$B$3:$I$3) | M567: ='Empleo Censo'!E567 | N567: =IF(M567>0,L567,Factores!$B$7) | O567: =IF(M567>0,"OK","sin PEA -> peor")
A568: 160401 | B568: RAMON CASTILLA | C568: ='Empleo Censo'!G568-'Empleo Censo'!F568 | D568: ='Empleo Censo'!F568 | E568: ='Empleo Censo'!H568 | F568: ='Empleo Censo'!I568 | G568: ='Empleo Censo'!J568+'Empleo Censo'!K568 | H568: ='Empleo Censo'!L568 | I568: ='Empleo Censo'!M568 | J568: =SUM('Empleo Censo'!N568:AA568) | K568: =SUM(C568:J568) | L568: =SUMPRODUCT(C568:J568,Factores!$B$3:$I$3) | M568: ='Empleo Censo'!E568 | N568: =IF(M568>0,L568,Factores!$B$7) | O568: =IF(M568>0,"OK","sin PEA -> peor")
A569: 160402 | B569: PEBAS | C569: ='Empleo Censo'!G569-'Empleo Censo'!F569 | D569: ='Empleo Censo'!F569 | E569: ='Empleo Censo'!H569 | F569: ='Empleo Censo'!I569 | G569: ='Empleo Censo'!J569+'Empleo Censo'!K569 | H569: ='Empleo Censo'!L569 | I569: ='Empleo Censo'!M569 | J569: =SUM('Empleo Censo'!N569:AA569) | K569: =SUM(C569:J569) | L569: =SUMPRODUCT(C569:J569,Factores!$B$3:$I$3) | M569: ='Empleo Censo'!E569 | N569: =IF(M569>0,L569,Factores!$B$7) | O569: =IF(M569>0,"OK","sin PEA -> peor")
A570: 160403 | B570: YAVARI | C570: ='Empleo Censo'!G570-'Empleo Censo'!F570 | D570: ='Empleo Censo'!F570 | E570: ='Empleo Censo'!H570 | F570: ='Empleo Censo'!I570 | G570: ='Empleo Censo'!J570+'Empleo Censo'!K570 | H570: ='Empleo Censo'!L570 | I570: ='Empleo Censo'!M570 | J570: =SUM('Empleo Censo'!N570:AA570) | K570: =SUM(C570:J570) | L570: =SUMPRODUCT(C570:J570,Factores!$B$3:$I$3) | M570: ='Empleo Censo'!E570 | N570: =IF(M570>0,L570,Factores!$B$7) | O570: =IF(M570>0,"OK","sin PEA -> peor")
A571: 160404 | B571: SAN PABLO | C571: ='Empleo Censo'!G571-'Empleo Censo'!F571 | D571: ='Empleo Censo'!F571 | E571: ='Empleo Censo'!H571 | F571: ='Empleo Censo'!I571 | G571: ='Empleo Censo'!J571+'Empleo Censo'!K571 | H571: ='Empleo Censo'!L571 | I571: ='Empleo Censo'!M571 | J571: =SUM('Empleo Censo'!N571:AA571) | K571: =SUM(C571:J571) | L571: =SUMPRODUCT(C571:J571,Factores!$B$3:$I$3) | M571: ='Empleo Censo'!E571 | N571: =IF(M571>0,L571,Factores!$B$7) | O571: =IF(M571>0,"OK","sin PEA -> peor")
A572: 160501 | B572: REQUENA | C572: ='Empleo Censo'!G572-'Empleo Censo'!F572 | D572: ='Empleo Censo'!F572 | E572: ='Empleo Censo'!H572 | F572: ='Empleo Censo'!I572 | G572: ='Empleo Censo'!J572+'Empleo Censo'!K572 | H572: ='Empleo Censo'!L572 | I572: ='Empleo Censo'!M572 | J572: =SUM('Empleo Censo'!N572:AA572) | K572: =SUM(C572:J572) | L572: =SUMPRODUCT(C572:J572,Factores!$B$3:$I$3) | M572: ='Empleo Censo'!E572 | N572: =IF(M572>0,L572,Factores!$B$7) | O572: =IF(M572>0,"OK","sin PEA -> peor")
A573: 160502 | B573: ALTO TAPICHE | C573: ='Empleo Censo'!G573-'Empleo Censo'!F573 | D573: ='Empleo Censo'!F573 | E573: ='Empleo Censo'!H573 | F573: ='Empleo Censo'!I573 | G573: ='Empleo Censo'!J573+'Empleo Censo'!K573 | H573: ='Empleo Censo'!L573 | I573: ='Empleo Censo'!M573 | J573: =SUM('Empleo Censo'!N573:AA573) | K573: =SUM(C573:J573) | L573: =SUMPRODUCT(C573:J573,Factores!$B$3:$I$3) | M573: ='Empleo Censo'!E573 | N573: =IF(M573>0,L573,Factores!$B$7) | O573: =IF(M573>0,"OK","sin PEA -> peor")
A574: 160503 | B574: CAPELO | C574: ='Empleo Censo'!G574-'Empleo Censo'!F574 | D574: ='Empleo Censo'!F574 | E574: ='Empleo Censo'!H574 | F574: ='Empleo Censo'!I574 | G574: ='Empleo Censo'!J574+'Empleo Censo'!K574 | H574: ='Empleo Censo'!L574 | I574: ='Empleo Censo'!M574 | J574: =SUM('Empleo Censo'!N574:AA574) | K574: =SUM(C574:J574) | L574: =SUMPRODUCT(C574:J574,Factores!$B$3:$I$3) | M574: ='Empleo Censo'!E574 | N574: =IF(M574>0,L574,Factores!$B$7) | O574: =IF(M574>0,"OK","sin PEA -> peor")
A575: 160504 | B575: EMILIO SAN MARTIN | C575: ='Empleo Censo'!G575-'Empleo Censo'!F575 | D575: ='Empleo Censo'!F575 | E575: ='Empleo Censo'!H575 | F575: ='Empleo Censo'!I575 | G575: ='Empleo Censo'!J575+'Empleo Censo'!K575 | H575: ='Empleo Censo'!L575 | I575: ='Empleo Censo'!M575 | J575: =SUM('Empleo Censo'!N575:AA575) | K575: =SUM(C575:J575) | L575: =SUMPRODUCT(C575:J575,Factores!$B$3:$I$3) | M575: ='Empleo Censo'!E575 | N575: =IF(M575>0,L575,Factores!$B$7) | O575: =IF(M575>0,"OK","sin PEA -> peor")
... A1023: 090502 | B1023: ANCO | C1023: ='Empleo Censo'!G1023-'Empleo Censo'!F1023 | D1023: ='Empleo Censo'!F1023 | E1023: ='Empleo Censo'!H1023 | F1023: ='Empleo Censo'!I1023 | G1023: ='Empleo Censo'!J1023+'Empleo Censo'!K1023 | H1023: ='Empleo Censo'!L1023 | I1023: ='Empleo Censo'!M1023 | J1023: =SUM('Empleo Censo'!N1023:AA1023) | K1023: =SUM(C1023:J1023) | L1023: =SUMPRODUCT(C1023:J1023,Factores!$B$3:$I$3) | M1023: ='Empleo Censo'!E1023 | N1023: =IF(M1023>0,L1023,Factores!$B$7) | O1023: =IF(M1023>0,"OK","sin PEA -> peor")
A1024: 060905 | C1024: ='Empleo Censo'!G1024-'Empleo Censo'!F1024 | D1024: ='Empleo Censo'!F1024 | E1024: ='Empleo Censo'!H1024 | F1024: ='Empleo Censo'!I1024 | G1024: ='Empleo Censo'!J1024+'Empleo Censo'!K1024 | H1024: ='Empleo Censo'!L1024 | I1024: ='Empleo Censo'!M1024 | J1024: =SUM('Empleo Censo'!N1024:AA1024) | K1024: =SUM(C1024:J1024) | L1024: =SUMPRODUCT(C1024:J1024,Factores!$B$3:$I$3) | M1024: ='Empleo Censo'!E1024 | N1024: =IF(M1024>0,L1024,Factores!$B$7) | O1024: =IF(M1024>0,"OK","sin PEA -> peor")
A1025: 050507 | B1025: SANTA ROSA | C1025: ='Empleo Censo'!G1025-'Empleo Censo'!F1025 | D1025: ='Empleo Censo'!F1025 | E1025: ='Empleo Censo'!H1025 | F1025: ='Empleo Censo'!I1025 | G1025: ='Empleo Censo'!J1025+'Empleo Censo'!K1025 | H1025: ='Empleo Censo'!L1025 | I1025: ='Empleo Censo'!M1025 | J1025: =SUM('Empleo Censo'!N1025:AA1025) | K1025: =SUM(C1025:J1025) | L1025: =SUMPRODUCT(C1025:J1025,Factores!$B$3:$I$3) | M1025: ='Empleo Censo'!E1025 | N1025: =IF(M1025>0,L1025,Factores!$B$7) | O1025: =IF(M1025>0,"OK","sin PEA -> peor")
A1026: 090413 | B1026: TICRAPO | C1026: ='Empleo Censo'!G1026-'Empleo Censo'!F1026 | D1026: ='Empleo Censo'!F1026 | E1026: ='Empleo Censo'!H1026 | F1026: ='Empleo Censo'!I1026 | G1026: ='Empleo Censo'!J1026+'Empleo Censo'!K1026 | H1026: ='Empleo Censo'!L1026 | I1026: ='Empleo Censo'!M1026 | J1026: =SUM('Empleo Censo'!N1026:AA1026) | K1026: =SUM(C1026:J1026) | L1026: =SUMPRODUCT(C1026:J1026,Factores!$B$3:$I$3) | M1026: ='Empleo Censo'!E1026 | N1026: =IF(M1026>0,L1026,Factores!$B$7) | O1026: =IF(M1026>0,"OK","sin PEA -> peor")
A1027: 080913 | B1027: VILLA KINTIARINA | C1027: ='Empleo Censo'!G1027-'Empleo Censo'!F1027 | D1027: ='Empleo Censo'!F1027 | E1027: ='Empleo Censo'!H1027 | F1027: ='Empleo Censo'!I1027 | G1027: ='Empleo Censo'!J1027+'Empleo Censo'!K1027 | H1027: ='Empleo Censo'!L1027 | I1027: ='Empleo Censo'!M1027 | J1027: =SUM('Empleo Censo'!N1027:AA1027) | K1027: =SUM(C1027:J1027) | L1027: =SUMPRODUCT(C1027:J1027,Factores!$B$3:$I$3) | M1027: ='Empleo Censo'!E1027 | N1027: =IF(M1027>0,L1027,Factores!$B$7) | O1027: =IF(M1027>0,"OK","sin PEA -> peor")
A1028: 090716 | B1028: SAN MARCOS DE ROCCHAC | C1028: ='Empleo Censo'!G1028-'Empleo Censo'!F1028 | D1028: ='Empleo Censo'!F1028 | E1028: ='Empleo Censo'!H1028 | F1028: ='Empleo Censo'!I1028 | G1028: ='Empleo Censo'!J1028+'Empleo Censo'!K1028 | H1028: ='Empleo Censo'!L1028 | I1028: ='Empleo Censo'!M1028 | J1028: =SUM('Empleo Censo'!N1028:AA1028) | K1028: =SUM(C1028:J1028) | L1028: =SUMPRODUCT(C1028:J1028,Factores!$B$3:$I$3) | M1028: ='Empleo Censo'!E1028 | N1028: =IF(M1028>0,L1028,Factores!$B$7) | O1028: =IF(M1028>0,"OK","sin PEA -> peor")
A1029: 022001 | B1029: YUNGAY | C1029: ='Empleo Censo'!G1029-'Empleo Censo'!F1029 | D1029: ='Empleo Censo'!F1029 | E1029: ='Empleo Censo'!H1029 | F1029: ='Empleo Censo'!I1029 | G1029: ='Empleo Censo'!J1029+'Empleo Censo'!K1029 | H1029: ='Empleo Censo'!L1029 | I1029: ='Empleo Censo'!M1029 | J1029: =SUM('Empleo Censo'!N1029:AA1029) | K1029: =SUM(C1029:J1029) | L1029: =SUMPRODUCT(C1029:J1029,Factores!$B$3:$I$3) | M1029: ='Empleo Censo'!E1029 | N1029: =IF(M1029>0,L1029,Factores!$B$7) | O1029: =IF(M1029>0,"OK","sin PEA -> peor")
A1030: 020601 | B1030: CARHUAZ | C1030: ='Empleo Censo'!G1030-'Empleo Censo'!F1030 | D1030: ='Empleo Censo'!F1030 | E1030: ='Empleo Censo'!H1030 | F1030: ='Empleo Censo'!I1030 | G1030: ='Empleo Censo'!J1030+'Empleo Censo'!K1030 | H1030: ='Empleo Censo'!L1030 | I1030: ='Empleo Censo'!M1030 | J1030: =SUM('Empleo Censo'!N1030:AA1030) | K1030: =SUM(C1030:J1030) | L1030: =SUMPRODUCT(C1030:J1030,Factores!$B$3:$I$3) | M1030: ='Empleo Censo'!E1030 | N1030: =IF(M1030>0,L1030,Factores!$B$7) | O1030: =IF(M1030>0,"OK","sin PEA -> peor")
A1031: 050105 | B1031: CHIARA | C1031: ='Empleo Censo'!G1031-'Empleo Censo'!F1031 | D1031: ='Empleo Censo'!F1031 | E1031: ='Empleo Censo'!H1031 | F1031: ='Empleo Censo'!I1031 | G1031: ='Empleo Censo'!J1031+'Empleo Censo'!K1031 | H1031: ='Empleo Censo'!L1031 | I1031: ='Empleo Censo'!M1031 | J1031: =SUM('Empleo Censo'!N1031:AA1031) | K1031: =SUM(C1031:J1031) | L1031: =SUMPRODUCT(C1031:J1031,Factores!$B$3:$I$3) | M1031: ='Empleo Censo'!E1031 | N1031: =IF(M1031>0,L1031,Factores!$B$7) | O1031: =IF(M1031>0,"OK","sin PEA -> peor")
A1032: 090717 | B1032: SURCUBAMBA | C1032: ='Empleo Censo'!G1032-'Empleo Censo'!F1032 | D1032: ='Empleo Censo'!F1032 | E1032: ='Empleo Censo'!H1032 | F1032: ='Empleo Censo'!I1032 | G1032: ='Empleo Censo'!J1032+'Empleo Censo'!K1032 | H1032: ='Empleo Censo'!L1032 | I1032: ='Empleo Censo'!M1032 | J1032: =SUM('Empleo Censo'!N1032:AA1032) | K1032: =SUM(C1032:J1032) | L1032: =SUMPRODUCT(C1032:J1032,Factores!$B$3:$I$3) | M1032: ='Empleo Censo'!E1032 | N1032: =IF(M1032>0,L1032,Factores!$B$7) | O1032: =IF(M1032>0,"OK","sin PEA -> peor")
A1033: 090208 | B1033: ROSARIO | C1033: ='Empleo Censo'!G1033-'Empleo Censo'!F1033 | D1033: ='Empleo Censo'!F1033 | E1033: ='Empleo Censo'!H1033 | F1033: ='Empleo Censo'!I1033 | G1033: ='Empleo Censo'!J1033+'Empleo Censo'!K1033 | H1033: ='Empleo Censo'!L1033 | I1033: ='Empleo Censo'!M1033 | J1033: =SUM('Empleo Censo'!N1033:AA1033) | K1033: =SUM(C1033:J1033) | L1033: =SUMPRODUCT(C1033:J1033,Factores!$B$3:$I$3) | M1033: ='Empleo Censo'!E1033 | N1033: =IF(M1033>0,L1033,Factores!$B$7) | O1033: =IF(M1033>0,"OK","sin PEA -> peor")
A1034: 030701 | B1034: CHUQUIBAMBILLA | C1034: ='Empleo Censo'!G1034-'Empleo Censo'!F1034 | D1034: ='Empleo Censo'!F1034 | E1034: ='Empleo Censo'!H1034 | F1034: ='Empleo Censo'!I1034 | G1034: ='Empleo Censo'!J1034+'Empleo Censo'!K1034 | H1034: ='Empleo Censo'!L1034 | I1034: ='Empleo Censo'!M1034 | J1034: =SUM('Empleo Censo'!N1034:AA1034) | K1034: =SUM(C1034:J1034) | L1034: =SUMPRODUCT(C1034:J1034,Factores!$B$3:$I$3) | M1034: ='Empleo Censo'!E1034 | N1034: =IF(M1034>0,L1034,Factores!$B$7) | O1034: =IF(M1034>0,"OK","sin PEA -> peor")
A1035: 030505 | B1035: MARA | C1035: ='Empleo Censo'!G1035-'Empleo Censo'!F1035 | D1035: ='Empleo Censo'!F1035 | E1035: ='Empleo Censo'!H1035 | F1035: ='Empleo Censo'!I1035 | G1035: ='Empleo Censo'!J1035+'Empleo Censo'!K1035 | H1035: ='Empleo Censo'!L1035 | I1035: ='Empleo Censo'!M1035 | J1035: =SUM('Empleo Censo'!N1035:AA1035) | K1035: =SUM(C1035:J1035) | L1035: =SUMPRODUCT(C1035:J1035,Factores!$B$3:$I$3) | M1035: ='Empleo Censo'!E1035 | N1035: =IF(M1035>0,L1035,Factores!$B$7) | O1035: =IF(M1035>0,"OK","sin PEA -> peor")
A1036: 090507 | B1036: PAUCARBAMBA | C1036: ='Empleo Censo'!G1036-'Empleo Censo'!F1036 | D1036: ='Empleo Censo'!F1036 | E1036: ='Empleo Censo'!H1036 | F1036: ='Empleo Censo'!I1036 | G1036: ='Empleo Censo'!J1036+'Empleo Censo'!K1036 | H1036: ='Empleo Censo'!L1036 | I1036: ='Empleo Censo'!M1036 | J1036: =SUM('Empleo Censo'!N1036:AA1036) | K1036: =SUM(C1036:J1036) | L1036: =SUMPRODUCT(C1036:J1036,Factores!$B$3:$I$3) | M1036: ='Empleo Censo'!E1036 | N1036: =IF(M1036>0,L1036,Factores!$B$7) | O1036: =IF(M1036>0,"OK","sin PEA -> peor")
... A1494: 050616 | B1494: SAN JUAN | C1494: ='Empleo Censo'!G1494-'Empleo Censo'!F1494 | D1494: ='Empleo Censo'!F1494 | E1494: ='Empleo Censo'!H1494 | F1494: ='Empleo Censo'!I1494 | G1494: ='Empleo Censo'!J1494+'Empleo Censo'!K1494 | H1494: ='Empleo Censo'!L1494 | I1494: ='Empleo Censo'!M1494 | J1494: =SUM('Empleo Censo'!N1494:AA1494) | K1494: =SUM(C1494:J1494) | L1494: =SUMPRODUCT(C1494:J1494,Factores!$B$3:$I$3) | M1494: ='Empleo Censo'!E1494 | N1494: =IF(M1494>0,L1494,Factores!$B$7) | O1494: =IF(M1494>0,"OK","sin PEA -> peor")
A1495: 060111 | C1495: ='Empleo Censo'!G1495-'Empleo Censo'!F1495 | D1495: ='Empleo Censo'!F1495 | E1495: ='Empleo Censo'!H1495 | F1495: ='Empleo Censo'!I1495 | G1495: ='Empleo Censo'!J1495+'Empleo Censo'!K1495 | H1495: ='Empleo Censo'!L1495 | I1495: ='Empleo Censo'!M1495 | J1495: =SUM('Empleo Censo'!N1495:AA1495) | K1495: =SUM(C1495:J1495) | L1495: =SUMPRODUCT(C1495:J1495,Factores!$B$3:$I$3) | M1495: ='Empleo Censo'!E1495 | N1495: =IF(M1495>0,L1495,Factores!$B$7) | O1495: =IF(M1495>0,"OK","sin PEA -> peor")
A1496: 090605 | B1496: LARAMARCA | C1496: ='Empleo Censo'!G1496-'Empleo Censo'!F1496 | D1496: ='Empleo Censo'!F1496 | E1496: ='Empleo Censo'!H1496 | F1496: ='Empleo Censo'!I1496 | G1496: ='Empleo Censo'!J1496+'Empleo Censo'!K1496 | H1496: ='Empleo Censo'!L1496 | I1496: ='Empleo Censo'!M1496 | J1496: =SUM('Empleo Censo'!N1496:AA1496) | K1496: =SUM(C1496:J1496) | L1496: =SUMPRODUCT(C1496:J1496,Factores!$B$3:$I$3) | M1496: ='Empleo Censo'!E1496 | N1496: =IF(M1496>0,L1496,Factores!$B$7) | O1496: =IF(M1496>0,"OK","sin PEA -> peor")
A1497: 060808 | B1497: PUCARA | C1497: ='Empleo Censo'!G1497-'Empleo Censo'!F1497 | D1497: ='Empleo Censo'!F1497 | E1497: ='Empleo Censo'!H1497 | F1497: ='Empleo Censo'!I1497 | G1497: ='Empleo Censo'!J1497+'Empleo Censo'!K1497 | H1497: ='Empleo Censo'!L1497 | I1497: ='Empleo Censo'!M1497 | J1497: =SUM('Empleo Censo'!N1497:AA1497) | K1497: =SUM(C1497:J1497) | L1497: =SUMPRODUCT(C1497:J1497,Factores!$B$3:$I$3) | M1497: ='Empleo Censo'!E1497 | N1497: =IF(M1497>0,L1497,Factores!$B$7) | O1497: =IF(M1497>0,"OK","sin PEA -> peor")
A1498: 080201 | B1498: ACOMAYO | C1498: ='Empleo Censo'!G1498-'Empleo Censo'!F1498 | D1498: ='Empleo Censo'!F1498 | E1498: ='Empleo Censo'!H1498 | F1498: ='Empleo Censo'!I1498 | G1498: ='Empleo Censo'!J1498+'Empleo Censo'!K1498 | H1498: ='Empleo Censo'!L1498 | I1498: ='Empleo Censo'!M1498 | J1498: =SUM('Empleo Censo'!N1498:AA1498) | K1498: =SUM(C1498:J1498) | L1498: =SUMPRODUCT(C1498:J1498,Factores!$B$3:$I$3) | M1498: ='Empleo Censo'!E1498 | N1498: =IF(M1498>0,L1498,Factores!$B$7) | O1498: =IF(M1498>0,"OK","sin PEA -> peor")
A1499: 080606 | B1499: SAN PABLO | C1499: ='Empleo Censo'!G1499-'Empleo Censo'!F1499 | D1499: ='Empleo Censo'!F1499 | E1499: ='Empleo Censo'!H1499 | F1499: ='Empleo Censo'!I1499 | G1499: ='Empleo Censo'!J1499+'Empleo Censo'!K1499 | H1499: ='Empleo Censo'!L1499 | I1499: ='Empleo Censo'!M1499 | J1499: =SUM('Empleo Censo'!N1499:AA1499) | K1499: =SUM(C1499:J1499) | L1499: =SUMPRODUCT(C1499:J1499,Factores!$B$3:$I$3) | M1499: ='Empleo Censo'!E1499 | N1499: =IF(M1499>0,L1499,Factores!$B$7) | O1499: =IF(M1499>0,"OK","sin PEA -> peor")
A1500: 080502 | B1500: CHECCA | C1500: ='Empleo Censo'!G1500-'Empleo Censo'!F1500 | D1500: ='Empleo Censo'!F1500 | E1500: ='Empleo Censo'!H1500 | F1500: ='Empleo Censo'!I1500 | G1500: ='Empleo Censo'!J1500+'Empleo Censo'!K1500 | H1500: ='Empleo Censo'!L1500 | I1500: ='Empleo Censo'!M1500 | J1500: =SUM('Empleo Censo'!N1500:AA1500) | K1500: =SUM(C1500:J1500) | L1500: =SUMPRODUCT(C1500:J1500,Factores!$B$3:$I$3) | M1500: ='Empleo Censo'!E1500 | N1500: =IF(M1500>0,L1500,Factores!$B$7) | O1500: =IF(M1500>0,"OK","sin PEA -> peor")
A1501: 020102 | B1501: COCHABAMBA | C1501: ='Empleo Censo'!G1501-'Empleo Censo'!F1501 | D1501: ='Empleo Censo'!F1501 | E1501: ='Empleo Censo'!H1501 | F1501: ='Empleo Censo'!I1501 | G1501: ='Empleo Censo'!J1501+'Empleo Censo'!K1501 | H1501: ='Empleo Censo'!L1501 | I1501: ='Empleo Censo'!M1501 | J1501: =SUM('Empleo Censo'!N1501:AA1501) | K1501: =SUM(C1501:J1501) | L1501: =SUMPRODUCT(C1501:J1501,Factores!$B$3:$I$3) | M1501: ='Empleo Censo'!E1501 | N1501: =IF(M1501>0,L1501,Factores!$B$7) | O1501: =IF(M1501>0,"OK","sin PEA -> peor")
A1502: 051106 | B1502: INDEPENDENCIA | C1502: ='Empleo Censo'!G1502-'Empleo Censo'!F1502 | D1502: ='Empleo Censo'!F1502 | E1502: ='Empleo Censo'!H1502 | F1502: ='Empleo Censo'!I1502 | G1502: ='Empleo Censo'!J1502+'Empleo Censo'!K1502 | H1502: ='Empleo Censo'!L1502 | I1502: ='Empleo Censo'!M1502 | J1502: =SUM('Empleo Censo'!N1502:AA1502) | K1502: =SUM(C1502:J1502) | L1502: =SUMPRODUCT(C1502:J1502,Factores!$B$3:$I$3) | M1502: ='Empleo Censo'!E1502 | N1502: =IF(M1502>0,L1502,Factores!$B$7) | O1502: =IF(M1502>0,"OK","sin PEA -> peor")
A1503: 061104 | B1503: CATILLUC | C1503: ='Empleo Censo'!G1503-'Empleo Censo'!F1503 | D1503: ='Empleo Censo'!F1503 | E1503: ='Empleo Censo'!H1503 | F1503: ='Empleo Censo'!I1503 | G1503: ='Empleo Censo'!J1503+'Empleo Censo'!K1503 | H1503: ='Empleo Censo'!L1503 | I1503: ='Empleo Censo'!M1503 | J1503: =SUM('Empleo Censo'!N1503:AA1503) | K1503: =SUM(C1503:J1503) | L1503: =SUMPRODUCT(C1503:J1503,Factores!$B$3:$I$3) | M1503: ='Empleo Censo'!E1503 | N1503: =IF(M1503>0,L1503,Factores!$B$7) | O1503: =IF(M1503>0,"OK","sin PEA -> peor")
A1504: 050703 | B1504: CORONEL CASTAÑEDA | C1504: ='Empleo Censo'!G1504-'Empleo Censo'!F1504 | D1504: ='Empleo Censo'!F1504 | E1504: ='Empleo Censo'!H1504 | F1504: ='Empleo Censo'!I1504 | G1504: ='Empleo Censo'!J1504+'Empleo Censo'!K1504 | H1504: ='Empleo Censo'!L1504 | I1504: ='Empleo Censo'!M1504 | J1504: =SUM('Empleo Censo'!N1504:AA1504) | K1504: =SUM(C1504:J1504) | L1504: =SUMPRODUCT(C1504:J1504,Factores!$B$3:$I$3) | M1504: ='Empleo Censo'!E1504 | N1504: =IF(M1504>0,L1504,Factores!$B$7) | O1504: =IF(M1504>0,"OK","sin PEA -> peor")
A1505: 020607 | B1505: PARIAHUANCA | C1505: ='Empleo Censo'!G1505-'Empleo Censo'!F1505 | D1505: ='Empleo Censo'!F1505 | E1505: ='Empleo Censo'!H1505 | F1505: ='Empleo Censo'!I1505 | G1505: ='Empleo Censo'!J1505+'Empleo Censo'!K1505 | H1505: ='Empleo Censo'!L1505 | I1505: ='Empleo Censo'!M1505 | J1505: =SUM('Empleo Censo'!N1505:AA1505) | K1505: =SUM(C1505:J1505) | L1505: =SUMPRODUCT(C1505:J1505,Factores!$B$3:$I$3) | M1505: ='Empleo Censo'!E1505 | N1505: =IF(M1505>0,L1505,Factores!$B$7) | O1505: =IF(M1505>0,"OK","sin PEA -> peor")
A1506: 040505 | B1506: CAYLLOMA | C1506: ='Empleo Censo'!G1506-'Empleo Censo'!F1506 | D1506: ='Empleo Censo'!F1506 | E1506: ='Empleo Censo'!H1506 | F1506: ='Empleo Censo'!I1506 | G1506: ='Empleo Censo'!J1506+'Empleo Censo'!K1506 | H1506: ='Empleo Censo'!L1506 | I1506: ='Empleo Censo'!M1506 | J1506: =SUM('Empleo Censo'!N1506:AA1506) | K1506: =SUM(C1506:J1506) | L1506: =SUMPRODUCT(C1506:J1506,Factores!$B$3:$I$3) | M1506: ='Empleo Censo'!E1506 | N1506: =IF(M1506>0,L1506,Factores!$B$7) | O1506: =IF(M1506>0,"OK","sin PEA -> peor")
A1507: 060307 | B1507: MIGUEL IGLESIAS | C1507: ='Empleo Censo'!G1507-'Empleo Censo'!F1507 | D1507: ='Empleo Censo'!F1507 | E1507: ='Empleo Censo'!H1507 | F1507: ='Empleo Censo'!I1507 | G1507: ='Empleo Censo'!J1507+'Empleo Censo'!K1507 | H1507: ='Empleo Censo'!L1507 | I1507: ='Empleo Censo'!M1507 | J1507: =SUM('Empleo Censo'!N1507:AA1507) | K1507: =SUM(C1507:J1507) | L1507: =SUMPRODUCT(C1507:J1507,Factores!$B$3:$I$3) | M1507: ='Empleo Censo'!E1507 | N1507: =IF(M1507>0,L1507,Factores!$B$7) | O1507: =IF(M1507>0,"OK","sin PEA -> peor")
... A1547: 030208 | B1547: PACOBAMBA | C1547: ='Empleo Censo'!G1547-'Empleo Censo'!F1547 | D1547: ='Empleo Censo'!F1547 | E1547: ='Empleo Censo'!H1547 | F1547: ='Empleo Censo'!I1547 | G1547: ='Empleo Censo'!J1547+'Empleo Censo'!K1547 | H1547: ='Empleo Censo'!L1547 | I1547: ='Empleo Censo'!M1547 | J1547: =SUM('Empleo Censo'!N1547:AA1547) | K1547: =SUM(C1547:J1547) | L1547: =SUMPRODUCT(C1547:J1547,Factores!$B$3:$I$3) | M1547: ='Empleo Censo'!E1547 | N1547: =IF(M1547>0,L1547,Factores!$B$7) | O1547: =IF(M1547>0,"OK","sin PEA -> peor")
A1548: 061108 | C1548: ='Empleo Censo'!G1548-'Empleo Censo'!F1548 | D1548: ='Empleo Censo'!F1548 | E1548: ='Empleo Censo'!H1548 | F1548: ='Empleo Censo'!I1548 | G1548: ='Empleo Censo'!J1548+'Empleo Censo'!K1548 | H1548: ='Empleo Censo'!L1548 | I1548: ='Empleo Censo'!M1548 | J1548: =SUM('Empleo Censo'!N1548:AA1548) | K1548: =SUM(C1548:J1548) | L1548: =SUMPRODUCT(C1548:J1548,Factores!$B$3:$I$3) | M1548: ='Empleo Censo'!E1548 | N1548: =IF(M1548>0,L1548,Factores!$B$7) | O1548: =IF(M1548>0,"OK","sin PEA -> peor")
A1549: 060605 | B1549: LA RAMADA | C1549: ='Empleo Censo'!G1549-'Empleo Censo'!F1549 | D1549: ='Empleo Censo'!F1549 | E1549: ='Empleo Censo'!H1549 | F1549: ='Empleo Censo'!I1549 | G1549: ='Empleo Censo'!J1549+'Empleo Censo'!K1549 | H1549: ='Empleo Censo'!L1549 | I1549: ='Empleo Censo'!M1549 | J1549: =SUM('Empleo Censo'!N1549:AA1549) | K1549: =SUM(C1549:J1549) | L1549: =SUMPRODUCT(C1549:J1549,Factores!$B$3:$I$3) | M1549: ='Empleo Censo'!E1549 | N1549: =IF(M1549>0,L1549,Factores!$B$7) | O1549: =IF(M1549>0,"OK","sin PEA -> peor")
A1550: 021703 | B1550: COTAPARACO | C1550: ='Empleo Censo'!G1550-'Empleo Censo'!F1550 | D1550: ='Empleo Censo'!F1550 | E1550: ='Empleo Censo'!H1550 | F1550: ='Empleo Censo'!I1550 | G1550: ='Empleo Censo'!J1550+'Empleo Censo'!K1550 | H1550: ='Empleo Censo'!L1550 | I1550: ='Empleo Censo'!M1550 | J1550: =SUM('Empleo Censo'!N1550:AA1550) | K1550: =SUM(C1550:J1550) | L1550: =SUMPRODUCT(C1550:J1550,Factores!$B$3:$I$3) | M1550: ='Empleo Censo'!E1550 | N1550: =IF(M1550>0,L1550,Factores!$B$7) | O1550: =IF(M1550>0,"OK","sin PEA -> peor")
A1551: 080102 | B1551: CCORCA | C1551: ='Empleo Censo'!G1551-'Empleo Censo'!F1551 | D1551: ='Empleo Censo'!F1551 | E1551: ='Empleo Censo'!H1551 | F1551: ='Empleo Censo'!I1551 | G1551: ='Empleo Censo'!J1551+'Empleo Censo'!K1551 | H1551: ='Empleo Censo'!L1551 | I1551: ='Empleo Censo'!M1551 | J1551: =SUM('Empleo Censo'!N1551:AA1551) | K1551: =SUM(C1551:J1551) | L1551: =SUMPRODUCT(C1551:J1551,Factores!$B$3:$I$3) | M1551: ='Empleo Censo'!E1551 | N1551: =IF(M1551>0,L1551,Factores!$B$7) | O1551: =IF(M1551>0,"OK","sin PEA -> peor")
A1552: 010604 | B1552: HUAMBO | C1552: ='Empleo Censo'!G1552-'Empleo Censo'!F1552 | D1552: ='Empleo Censo'!F1552 | E1552: ='Empleo Censo'!H1552 | F1552: ='Empleo Censo'!I1552 | G1552: ='Empleo Censo'!J1552+'Empleo Censo'!K1552 | H1552: ='Empleo Censo'!L1552 | I1552: ='Empleo Censo'!M1552 | J1552: =SUM('Empleo Censo'!N1552:AA1552) | K1552: =SUM(C1552:J1552) | L1552: =SUMPRODUCT(C1552:J1552,Factores!$B$3:$I$3) | M1552: ='Empleo Censo'!E1552 | N1552: =IF(M1552>0,L1552,Factores!$B$7) | O1552: =IF(M1552>0,"OK","sin PEA -> peor")
A1553: 010601 | B1553: SAN NICOLAS | C1553: ='Empleo Censo'!G1553-'Empleo Censo'!F1553 | D1553: ='Empleo Censo'!F1553 | E1553: ='Empleo Censo'!H1553 | F1553: ='Empleo Censo'!I1553 | G1553: ='Empleo Censo'!J1553+'Empleo Censo'!K1553 | H1553: ='Empleo Censo'!L1553 | I1553: ='Empleo Censo'!M1553 | J1553: =SUM('Empleo Censo'!N1553:AA1553) | K1553: =SUM(C1553:J1553) | L1553: =SUMPRODUCT(C1553:J1553,Factores!$B$3:$I$3) | M1553: ='Empleo Censo'!E1553 | N1553: =IF(M1553>0,L1553,Factores!$B$7) | O1553: =IF(M1553>0,"OK","sin PEA -> peor")
A1554: 020904 | B1554: CUSCA | C1554: ='Empleo Censo'!G1554-'Empleo Censo'!F1554 | D1554: ='Empleo Censo'!F1554 | E1554: ='Empleo Censo'!H1554 | F1554: ='Empleo Censo'!I1554 | G1554: ='Empleo Censo'!J1554+'Empleo Censo'!K1554 | H1554: ='Empleo Censo'!L1554 | I1554: ='Empleo Censo'!M1554 | J1554: =SUM('Empleo Censo'!N1554:AA1554) | K1554: =SUM(C1554:J1554) | L1554: =SUMPRODUCT(C1554:J1554,Factores!$B$3:$I$3) | M1554: ='Empleo Censo'!E1554 | N1554: =IF(M1554>0,L1554,Factores!$B$7) | O1554: =IF(M1554>0,"OK","sin PEA -> peor")
A1555: 040207 | B1555: QUILCA | C1555: ='Empleo Censo'!G1555-'Empleo Censo'!F1555 | D1555: ='Empleo Censo'!F1555 | E1555: ='Empleo Censo'!H1555 | F1555: ='Empleo Censo'!I1555 | G1555: ='Empleo Censo'!J1555+'Empleo Censo'!K1555 | H1555: ='Empleo Censo'!L1555 | I1555: ='Empleo Censo'!M1555 | J1555: =SUM('Empleo Censo'!N1555:AA1555) | K1555: =SUM(C1555:J1555) | L1555: =SUMPRODUCT(C1555:J1555,Factores!$B$3:$I$3) | M1555: ='Empleo Censo'!E1555 | N1555: =IF(M1555>0,L1555,Factores!$B$7) | O1555: =IF(M1555>0,"OK","sin PEA -> peor")
A1556: 090606 | B1556: OCOYO | C1556: ='Empleo Censo'!G1556-'Empleo Censo'!F1556 | D1556: ='Empleo Censo'!F1556 | E1556: ='Empleo Censo'!H1556 | F1556: ='Empleo Censo'!I1556 | G1556: ='Empleo Censo'!J1556+'Empleo Censo'!K1556 | H1556: ='Empleo Censo'!L1556 | I1556: ='Empleo Censo'!M1556 | J1556: =SUM('Empleo Censo'!N1556:AA1556) | K1556: =SUM(C1556:J1556) | L1556: =SUMPRODUCT(C1556:J1556,Factores!$B$3:$I$3) | M1556: ='Empleo Censo'!E1556 | N1556: =IF(M1556>0,L1556,Factores!$B$7) | O1556: =IF(M1556>0,"OK","sin PEA -> peor")
A1557: 061113 | B1557: UNION AGUA BLANCA | C1557: ='Empleo Censo'!G1557-'Empleo Censo'!F1557 | D1557: ='Empleo Censo'!F1557 | E1557: ='Empleo Censo'!H1557 | F1557: ='Empleo Censo'!I1557 | G1557: ='Empleo Censo'!J1557+'Empleo Censo'!K1557 | H1557: ='Empleo Censo'!L1557 | I1557: ='Empleo Censo'!M1557 | J1557: =SUM('Empleo Censo'!N1557:AA1557) | K1557: =SUM(C1557:J1557) | L1557: =SUMPRODUCT(C1557:J1557,Factores!$B$3:$I$3) | M1557: ='Empleo Censo'!E1557 | N1557: =IF(M1557>0,L1557,Factores!$B$7) | O1557: =IF(M1557>0,"OK","sin PEA -> peor")
A1558: 040602 | B1558: ANDARAY | C1558: ='Empleo Censo'!G1558-'Empleo Censo'!F1558 | D1558: ='Empleo Censo'!F1558 | E1558: ='Empleo Censo'!H1558 | F1558: ='Empleo Censo'!I1558 | G1558: ='Empleo Censo'!J1558+'Empleo Censo'!K1558 | H1558: ='Empleo Censo'!L1558 | I1558: ='Empleo Censo'!M1558 | J1558: =SUM('Empleo Censo'!N1558:AA1558) | K1558: =SUM(C1558:J1558) | L1558: =SUMPRODUCT(C1558:J1558,Factores!$B$3:$I$3) | M1558: ='Empleo Censo'!E1558 | N1558: =IF(M1558>0,L1558,Factores!$B$7) | O1558: =IF(M1558>0,"OK","sin PEA -> peor")
A1559: 040603 | B1559: CAYARANI | C1559: ='Empleo Censo'!G1559-'Empleo Censo'!F1559 | D1559: ='Empleo Censo'!F1559 | E1559: ='Empleo Censo'!H1559 | F1559: ='Empleo Censo'!I1559 | G1559: ='Empleo Censo'!J1559+'Empleo Censo'!K1559 | H1559: ='Empleo Censo'!L1559 | I1559: ='Empleo Censo'!M1559 | J1559: =SUM('Empleo Censo'!N1559:AA1559) | K1559: =SUM(C1559:J1559) | L1559: =SUMPRODUCT(C1559:J1559,Factores!$B$3:$I$3) | M1559: ='Empleo Censo'!E1559 | N1559: =IF(M1559>0,L1559,Factores!$B$7) | O1559: =IF(M1559>0,"OK","sin PEA -> peor")
A1560: 040517 | B1560: TISCO | C1560: ='Empleo Censo'!G1560-'Empleo Censo'!F1560 | D1560: ='Empleo Censo'!F1560 | E1560: ='Empleo Censo'!H1560 | F1560: ='Empleo Censo'!I1560 | G1560: ='Empleo Censo'!J1560+'Empleo Censo'!K1560 | H1560: ='Empleo Censo'!L1560 | I1560: ='Empleo Censo'!M1560 | J1560: =SUM('Empleo Censo'!N1560:AA1560) | K1560: =SUM(C1560:J1560) | L1560: =SUMPRODUCT(C1560:J1560,Factores!$B$3:$I$3) | M1560: ='Empleo Censo'!E1560 | N1560: =IF(M1560>0,L1560,Factores!$B$7) | O1560: =IF(M1560>0,"OK","sin PEA -> peor")
... A1892: 020109 | B1892: PAMPAS | C1892: ='Empleo Censo'!G1892-'Empleo Censo'!F1892 | D1892: ='Empleo Censo'!F1892 | E1892: ='Empleo Censo'!H1892 | F1892: ='Empleo Censo'!I1892 | G1892: ='Empleo Censo'!J1892+'Empleo Censo'!K1892 | H1892: ='Empleo Censo'!L1892 | I1892: ='Empleo Censo'!M1892 | J1892: =SUM('Empleo Censo'!N1892:AA1892) | K1892: =SUM(C1892:J1892) | L1892: =SUMPRODUCT(C1892:J1892,Factores!$B$3:$I$3) | M1892: ='Empleo Censo'!E1892 | N1892: =IF(M1892>0,L1892,Factores!$B$7) | O1892: =IF(M1892>0,"OK","sin PEA -> peor")
