Workbook

Sheet LEEME
A1: Poder discriminante mensual - Admision TC No Bancarizado
A3: COMO SE CALCULA
A4: Gini = 2 x AUC - 1, sobre la mora a 12 meses cerrada. Es la definicion estandar y la que usa el
A5: pipeline en monitoring.json. NO se usa el area de la curva CAP normalizada por 0.5, que subestima
A6: el Gini por un factor (1 - tasa de mora).
A8: LAS DOS COLUMNAS DE GINI
A9: gini_raw sobre pd_raw, el score sin calibrar
A10: gini_cal sobre pd_pit, la PD calibrada entregada
A11: gini_banda sobre pd_raw pero restringido a una banda FIJA de score comun a todos los meses:
A12: probit(pd) en [-1.9636, -0.5894], o sea pd entre 2.48% y 27.78%.
A13: Sirve para descartar que la caida sea truncamiento del rango de score.
A15: QUE MUESTRA
... A38: gini_raw y gini_banda no dependen de la calibracion y no estan afectados.

Sheet RESUMEN
A1: Antes y despues del quiebre de admision de 202411
A2: Promedios ponderados por n. Todas las celdas son formulas sobre SERIE_MENSUAL.
A4: tramo | B4: meses | C4: n | D4: Gini SIN calibrar | E4: Gini CON calibracion | F4: aporte | G4: Gini en banda fija | H4: mora decil 1 | I4: mora decil 10 | J4: ratio d10/d1
A5: pre 202303-202410 | B5: =COUNT(SERIE_MENSUAL!$B$5:$B$24) | C5: =SUM(SERIE_MENSUAL!$B$5:$B$24) | D5: =SUMPRODUCT(SERIE_MENSUAL!$E$5:$E$24,SERIE_MENSUAL!$B$5:$B$24)/SUM(SERIE_MENSUAL!$B$5:$B$24) | E5: =SUMPRODUCT(SERIE_MENSUAL!$F$5:$F$24,SERIE_MENSUAL!$B$5:$B$24)/SUM(SERIE_MENSUAL!$B$5:$B$24) | F5: =E5-D5 | G5: =SUMPRODUCT(SERIE_MENSUAL!$K$5:$K$24,SERIE_MENSUAL!$B$5:$B$24)/SUM(SERIE_MENSUAL!$B$5:$B$24) | H5: =SUMPRODUCT(SERIE_MENSUAL!$M$5:$M$24,SERIE_MENSUAL!$B$5:$B$24)/SUM(SERIE_MENSUAL!$B$5:$B$24) | I5: =SUMPRODUCT(SERIE_MENSUAL!$N$5:$N$24,SERIE_MENSUAL!$B$5:$B$24)/SUM(SERIE_MENSUAL!$B$5:$B$24) | J5: =IFERROR(I5/H5,"")
A6: REGIMEN 202411-202506 | B6: =COUNT(SERIE_MENSUAL!$B$25:$B$32) | C6: =SUM(SERIE_MENSUAL!$B$25:$B$32) | D6: =SUMPRODUCT(SERIE_MENSUAL!$E$25:$E$32,SERIE_MENSUAL!$B$25:$B$32)/SUM(SERIE_MENSUAL!$B$25:$B$32) | E6: =SUMPRODUCT(SERIE_MENSUAL!$F$25:$F$32,SERIE_MENSUAL!$B$25:$B$32)/SUM(SERIE_MENSUAL!$B$25:$B$32) | F6: =E6-D6 | G6: =SUMPRODUCT(SERIE_MENSUAL!$K$25:$K$32,SERIE_MENSUAL!$B$25:$B$32)/SUM(SERIE_MENSUAL!$B$25:$B$32) | H6: =SUMPRODUCT(SERIE_MENSUAL!$M$25:$M$32,SERIE_MENSUAL!$B$25:$B$32)/SUM(SERIE_MENSUAL!$B$25:$B$32) | I6: =SUMPRODUCT(SERIE_MENSUAL!$N$25:$N$32,SERIE_MENSUAL!$B$25:$B$32)/SUM(SERIE_MENSUAL!$B$25:$B$32) | J6: =IFERROR(I6/H6,"")
A7: caida | D7: =IFERROR(D6/D5-1,"") | E7: =IFERROR(E6/E5-1,"") | G7: =IFERROR(G6/G5-1,"") | H7: =IFERROR(H6/H5-1,"") | I7: =IFERROR(I6/I5-1,"")
A9: El truncamiento del score explica -4.6% de la caida: en banda fija cae MAS que sin controlar.
A10: El decil malo cae 67% y el bueno casi no se mueve: desaparecio la cola, no el ordenamiento.

Sheet SERIE_MENSUAL
A1: Gini mensual - Interbank, poblacion clean con score y mora 12m cerrada
A2: 202303-202506, 28 meses, 103,656 altas y 11,172 malos. Las columnas naranjas son formulas.
A4: codmes | B4: n | C4: malos | D4: mora 12m | E4: Gini SIN calibrar | F4: Gini CON calibracion | G4: IC95 inf | H4: IC95 sup | I4: n en banda | J4: malos banda | K4: Gini en banda fija | L4: sd del score | M4: mora decil 1 | N4: mora decil 10 | O4: n N1 | P4: Gini N1 | Q4: n N2 | R4: Gini N2 | S4: n N3 | T4: Gini N3 | U4: aporte de calibrar | V4: ratio d10/d1 | W4: Gini vs media pre
A5: 202303 | B5: 6747 | C5: 1109 | D5: 0.16436935 | E5: 0.48554508 | F5: 0.48903726 | G5: 0.45754875 | H5: 0.51780372 | I5: 6298 | J5: 970 | K5: 0.43465547 | L5: 0.3823075 | M5: 0.013333333 | N5: 0.40888889 | O5: 547 | P5: 0.56730129 | Q5: 2129 | R5: 0.48852326 | S5: 4071 | T5: 0.42489083 | U5: =IFERROR(F5-E5,"") | V5: =IFERROR(N5/M5,"") | W5: =IFERROR(E5/0.5214-1,"")
A6: 202304 | B6: 5942 | C6: 873 | D6: 0.14692023 | E6: 0.50170917 | F6: 0.50626079 | G6: 0.4748452 | H6: 0.53594207 | I6: 5511 | J6: 758 | K6: 0.43065455 | L6: 0.38527137 | M6: 0.016806723 | N6: 0.42352941 | O6: 639 | P6: 0.52809147 | Q6: 2131 | R6: 0.46212865 | S6: 3172 | T6: 0.45250454 | U6: =IFERROR(F6-E6,"") | V6: =IFERROR(N6/M6,"") | W6: =IFERROR(E6/0.5214-1,"")
A7: 202305 | B7: 7417 | C7: 1170 | D7: 0.15774572 | E7: 0.52754936 | F7: 0.53632403 | G7: 0.50943612 | H7: 0.56315682 | I7: 6945 | J7: 1045 | K7: 0.48020225 | L7: 0.38064778 | M7: 0.0094339623 | N7: 0.45687332 | O7: 746 | P7: 0.62665235 | Q7: 2511 | R7: 0.53461313 | S7: 4160 | T7: 0.45664797 | U7: =IFERROR(F7-E7,"") | V7: =IFERROR(N7/M7,"") | W7: =IFERROR(E7/0.5214-1,"")
A8: 202306 | B8: 5236 | C8: 721 | D8: 0.13770053 | E8: 0.54937756 | F8: 0.54979042 | G8: 0.51888498 | H8: 0.5850923 | I8: 4849 | J8: 634 | K8: 0.49264569 | L8: 0.38551329 | M8: 0.011450382 | N8: 0.40839695 | O8: 674 | P8: 0.63547885 | Q8: 1808 | R8: 0.47926869 | S8: 2754 | T8: 0.51600931 | U8: =IFERROR(F8-E8,"") | V8: =IFERROR(N8/M8,"") | W8: =IFERROR(E8/0.5214-1,"")
A9: 202307 | B9: 3361 | C9: 266 | D9: 0.079143112 | E9: 0.52889817 | F9: 0.5354258 | G9: 0.47563946 | H9: 0.58711874 | I9: 3077 | J9: 247 | K9: 0.4777471 | L9: 0.366495 | M9: 0.0059347181 | N9: 0.24702381 | O9: 558 | P9: 0.59944238 | Q9: 1213 | R9: 0.45920665 | S9: 1590 | T9: 0.47085233 | U9: =IFERROR(F9-E9,"") | V9: =IFERROR(N9/M9,"") | W9: =IFERROR(E9/0.5214-1,"")
A10: 202308 | B10: 4277 | C10: 354 | D10: 0.082768296 | E10: 0.53248984 | F10: 0.54944043 | G10: 0.50349321 | H10: 0.59491373 | I10: 3948 | J10: 319 | K10: 0.47940182 | L10: 0.36901761 | M10: 0.0093457944 | N10: 0.28037383 | O10: 784 | P10: 0.63768835 | Q10: 1418 | R10: 0.50764954 | S10: 2075 | T10: 0.47051463 | U10: =IFERROR(F10-E10,"") | V10: =IFERROR(N10/M10,"") | W10: =IFERROR(E10/0.5214-1,"")
A11: 202309 | B11: 2877 | C11: 241 | D11: 0.083767814 | E11: 0.50167329 | F11: 0.5091598 | G11: 0.4469476 | H11: 0.57130451 | I11: 2610 | J11: 218 | K11: 0.46621191 | L11: 0.37554251 | M11: 0.013888889 | N11: 0.28125 | O11: 506 | P11: 0.58548399 | Q11: 919 | R11: 0.51894374 | S11: 1452 | T11: 0.43732484 | U11: =IFERROR(F11-E11,"") | V11: =IFERROR(N11/M11,"") | W11: =IFERROR(E11/0.5214-1,"")
A12: 202310 | B12: 2474 | C12: 176 | D12: 0.071139854 | E12: 0.44554553 | F12: 0.44586201 | G12: 0.36683117 | H12: 0.51823376 | I12: 2246 | J12: 157 | K12: 0.39284636 | L12: 0.38855152 | M12: 0.0040322581 | N12: 0.18548387 | O12: 390 | P12: 0.68915344 | Q12: 888 | R12: 0.40981284 | S12: 1196 | T12: 0.36124728 | U12: =IFERROR(F12-E12,"") | V12: =IFERROR(N12/M12,"") | W12: =IFERROR(E12/0.5214-1,"")
A13: 202311 | B13: 2866 | C13: 378 | D13: 0.13189114 | E13: 0.46767872 | F13: 0.46943105 | G13: 0.41888547 | H13: 0.52127915 | I13: 2536 | J13: 298 | K13: 0.40090175 | L13: 0.43751192 | M13: 0.010452962 | N13: 0.32752613 | O13: 413 | P13: 0.64562055 | Q13: 828 | R13: 0.47338324 | S13: 1625 | T13: 0.3923907 | U13: =IFERROR(F13-E13,"") | V13: =IFERROR(N13/M13,"") | W13: =IFERROR(E13/0.5214-1,"")
A14: 202312 | B14: 3376 | C14: 534 | D14: 0.15817536 | E14: 0.5256097 | F14: 0.53526688 | G14: 0.49355969 | H14: 0.57433959 | I14: 2948 | J14: 394 | K14: 0.45538003 | L14: 0.44174467 | M14: 0.0059171598 | N14: 0.42011834 | O14: 622 | P14: 0.72371298 | Q14: 896 | R14: 0.58287526 | S14: 1858 | T14: 0.448112 | U14: =IFERROR(F14-E14,"") | V14: =IFERROR(N14/M14,"") | W14: =IFERROR(E14/0.5214-1,"")
A15: 202401 | B15: 4019 | C15: 477 | D15: 0.11868624 | E15: 0.54608904 | F15: 0.55695476 | G15: 0.51418603 | H15: 0.59411888 | I15: 3545 | J15: 367 | K15: 0.47904617 | L15: 0.43422524 | M15: 0.0099502488 | N15: 0.36069652 | O15: 858 | P15: 0.7030186 | Q15: 1016 | R15: 0.6220591 | S15: 2145 | T15: 0.44615628 | U15: =IFERROR(F15-E15,"") | V15: =IFERROR(N15/M15,"") | W15: =IFERROR(E15/0.5214-1,"")
A16: 202402 | B16: 3916 | C16: 525 | D16: 0.13406537 | E16: 0.51884288 | F16: 0.5238612 | G16: 0.48177439 | H16: 0.56328583 | I16: 3453 | J16: 405 | K16: 0.44991089 | L16: 0.43928789 | M16: 0.010204082 | N16: 0.36734694 | O16: 768 | P16: 0.67830506 | Q16: 1020 | R16: 0.53610569 | S16: 2128 | T16: 0.4407982 | U16: =IFERROR(F16-E16,"") | V16: =IFERROR(N16/M16,"") | W16: =IFERROR(E16/0.5214-1,"")
... A29: 202503 | B29: 2482 | C29: 145 | D29: 0.058420629 | E29: 0.32157054 | F29: 0.34212149 | G29: 0.25589916 | H29: 0.42453102 | I29: 2262 | J29: 134 | K29: 0.28227752 | L29: 0.36633914 | M29: 0.0080321285 | N29: 0.12449799 | O29: 519 | P29: 0.25509273 | Q29: 674 | R29: 0.32619048 | S29: 1289 | T29: 0.25257281 | U29: =IFERROR(F29-E29,"") | V29: =IFERROR(N29/M29,"") | W29: =IFERROR(E29/0.5214-1,"")
A30: 202504 | B30: 2228 | C30: 114 | D30: 0.051166966 | E30: 0.310723 | F30: 0.34006374 | G30: 0.25465131 | H30: 0.41867159 | I30: 2039 | J30: 111 | K30: 0.30150742 | L30: 0.36603226 | M30: 0.0044843049 | N30: 0.053811659 | O30: 431 | Q30: 610 | R30: 0.43939394 | S30: 1187 | T30: 0.18589993 | U30: =IFERROR(F30-E30,"") | V30: =IFERROR(N30/M30,"") | W30: =IFERROR(E30/0.5214-1,"")
A31: 202505 | B31: 2238 | C31: 125 | D31: 0.055853441 | E31: 0.37841552 | F31: 0.38495788 | G31: 0.30789707 | H31: 0.46924031 | I31: 2036 | J31: 116 | K31: 0.32676006 | L31: 0.37655876 | M31: 0.0044642857 | N31: 0.125 | O31: 483 | P31: 0.48974359 | Q31: 607 | R31: 0.4897747 | S31: 1148 | T31: 0.25231742 | U31: =IFERROR(F31-E31,"") | V31: =IFERROR(N31/M31,"") | W31: =IFERROR(E31/0.5214-1,"")
A32: 202506 | B32: 2259 | C32: 123 | D32: 0.054448871 | E32: 0.34421912 | F32: 0.35990835 | G32: 0.27542477 | H32: 0.45059819 | I32: 2051 | J32: 111 | K32: 0.30078016 | L32: 0.37135508 | M32: 0.013274336 | N32: 0.11946903 | O32: 509 | P32: 0.51916758 | Q32: 631 | R32: 0.38264621 | S32: 1119 | T32: 0.24765062 | U32: =IFERROR(F32-E32,"") | V32: =IFERROR(N32/M32,"") | W32: =IFERROR(E32/0.5214-1,"")
